loading_id,execution_id,trip_plan_id,trip_no,tanker_number,seq_no,bmcu_code,bmcu_name,milk_date,shift,qty_litres,qty_kgs,fat_pct,snf_pct,kg_fat,kg_snf,description,chamber,rmrd_qty,is_deleted
5072,1267,2221,1,TN28AR1990,1,3648,Mohamadabad/MB Cross,2026-08-01,,6154.00,6329.3890,4.100,8.100,259.5049,512.6805,RMRD,"FC,BC",0.00,f
5073,1267,2221,1,TN28AR1990,2,3646,Moram Pali,2026-08-01,,4260.00,4381.4100,4.000,8.080,175.2564,354.0179,RMRD,"FC,BC",0.00,f
5074,1267,2221,1,TN28AR1990,3,3653,Mamillapalli,2026-08-01,,8267.00,8502.6095,4.100,8.220,348.6070,698.9145,RMRD,BC,0.00,f
5075,1268,2222,2,AP07TF2421,1,3613,P T M,2026-08-01,,1378.00,1417.2730,4.000,8.200,56.6909,116.2164,RMRD,BC,0.00,f
5076,1268,2222,2,AP07TF2421,2,3610,B Kothakota,2026-08-01,,2964.00,3048.4740,4.000,8.200,121.9390,249.9749,RMRD,BC,0.00,f
5077,1268,2222,2,AP07TF2421,3,3612,Poojavari Palli,2026-08-01,,872.50,897.3662,4.000,8.330,35.8947,74.7506,RMRD,FC,0.00,f
5078,1268,2222,2,AP07TF2421,4,3609,Kurabala Kota,2026-08-01,,3309.00,3403.3065,3.900,8.050,132.7290,273.9662,RMRD,BC,0.00,f
5079,1268,2222,2,AP07TF2421,5,3602,Tharigonda,2026-08-01,,1484.00,1526.2940,3.900,8.180,59.5255,124.8508,RMRD,FC,0.00,f
5080,1268,2222,2,AP07TF2421,6,3651,CTM CC,2026-08-01,,6783.40,6976.7269,3.700,8.010,258.1389,558.8358,RMRD,"FC,BC",0.00,f
5081,1269,2223,3,AP03TF2538,1,3637,Nimmanna Palli,2026-08-01,,4048.00,4163.3680,3.800,8.160,158.2080,339.7308,RMRD,BC,0.00,f
5082,1269,2223,3,AP03TF2538,2,3603,Vayalpadu,2026-08-01,,3246.00,3338.5110,3.900,8.180,130.2019,273.0902,RMRD,"FC,BC",0.00,f
5083,1269,2223,3,AP03TF2538,3,3601,Chinthaparthi,2026-08-01,,4285.00,4407.1225,3.800,8.160,167.4707,359.6212,RMRD,FC,0.00,f
5084,1269,2223,3,AP03TF2538,4,3607,Manchuru,2026-08-01,,2207.00,2269.8995,4.000,8.200,90.7960,186.1318,RMRD,BC,0.00,f
5085,1269,2223,3,AP03TF2538,5,3616,Kalikiri,2026-08-01,,6737.00,6929.0045,3.800,8.160,263.3022,565.4068,RMRD,"FC,MC",0.00,f
5086,1270,2224,4,AP03TA8424,1,3619,Garnimitta,2026-08-01,,2287.00,2352.1795,3.900,8.180,91.7350,192.4083,RMRD,"FC,MC",0.00,f
5087,1270,2224,4,AP03TA8424,2,3622,Gyarampalli,2026-08-01,,3218.00,3309.7130,3.900,8.180,129.0788,270.7345,RMRD,"FC,BC",0.00,f
5088,1270,2224,4,AP03TA8424,3,3617,Kalakada,2026-08-01,,3278.00,3371.4230,3.900,8.100,131.4855,273.0853,RMRD,FC,0.00,f
5089,1270,2224,4,AP03TA8424,4,3618,Gadi,2026-08-01,,3016.00,3101.9560,3.900,8.050,120.9763,249.7075,RMRD,BC,0.00,f
5090,1270,2224,4,AP03TA8424,5,3623,Yallam Palli,2026-08-01,,1920.00,1974.7200,3.800,8.030,75.0394,158.5700,RMRD,FC,0.00,f
5091,1270,2224,4,AP03TA8424,6,3621,Regallu,2026-08-01,,2878.00,2960.0230,3.800,8.030,112.4809,237.6898,RMRD,BC,0.00,f
5092,1270,2224,4,AP03TA8424,7,3620,Piler,2026-08-01,,6092.00,6265.6220,3.800,8.160,238.0936,511.2748,RMRD,"MC,BC",0.00,f
5093,1271,2225,5,AP39TB8024,1,3628,Diguva Thotluvari Palli,2026-08-01,,3897.00,4008.0645,3.800,3.800,152.3065,152.3065,RMRD,"FC,BC",0.00,f
5094,1271,2225,5,AP39TB8024,2,3624,Thamballapalle,2026-08-01,,5307.00,5458.2495,4.000,8.130,218.3300,443.7557,RMRD,FC,0.00,f
5095,1271,2225,5,AP39TB8024,3,3627,Mudivedu,2026-08-01,,3897.00,4008.0645,3.800,8.160,152.3065,327.0581,RMRD,BC,0.00,f
5096,1271,2225,5,AP39TB8024,4,3625,Reddi Kota,2026-08-01,,3825.00,3934.0125,3.700,8.010,145.5585,315.1144,RMRD,BC,0.00,f
5097,1272,2226,6,TN13H2455,1,3227,Pincha,2026-08-01,,4047.30,4162.6481,3.600,7.990,149.8553,332.5956,RMRD,"FC,BC",0.00,f
5098,1272,2226,6,TN13H2455,2,3201,Mellacheruv,2026-08-01,,4360.00,4484.2600,3.700,8.010,165.9176,359.1892,RMRD,BC,0.00,f
5099,1272,2226,6,TN13H2455,3,3203,Talapula(Piler),2026-08-01,,3433.40,3531.2519,3.700,8.010,130.6563,282.8533,RMRD,FC,0.00,f
5100,1272,2226,6,TN13H2455,4,3206,Bodevandlapalli,2026-08-01,,3995.00,4108.8575,3.800,8.030,156.1366,329.9413,RMRD,"FC,BC",0.00,f
5101,1272,2226,6,TN13H2455,5,3204,Bakarapeta,2026-08-01,,3489.00,3588.4365,3.800,8.160,136.3606,292.8164,RMRD,BC,0.00,f
5102,1273,2227,7,AP04TW4458,1,3205,C.G.Gallu,2026-08-01,,3232.00,3324.1120,3.900,8.180,129.6404,271.9124,RMRD,FC,0.00,f
5103,1273,2227,7,AP04TW4458,2,3202,Y V Pallm,2026-08-01,,8376.00,8614.7160,3.600,8.120,310.1298,699.5149,RMRD,"FC,BC",0.00,f
5104,1273,2227,7,AP04TW4458,3,3228,Udaymanikyam CC,2026-08-01,,8549.00,8792.6465,3.800,8.160,334.1206,717.4800,RMRD,BC,0.00,f
5105,1274,2228,8,AP07TN0549,1,3224,Palasamudram,2026-08-01,,7079.00,7280.7515,4.100,8.220,298.5108,598.4778,RMRD,FC,0.00,f
5106,1274,2228,8,AP07TN0549,2,3223,Thugundram,2026-08-01,,4853.00,4991.3105,4.100,8.350,204.6437,416.7744,RMRD,"FC,BC",0.00,f
5107,1274,2228,8,AP07TN0549,3,3222,G D Nellore,2026-08-01,,7749.00,7969.8465,4.000,8.200,318.7939,653.5274,RMRD,BC,0.00,f
5108,1275,2231,9,TN25BB1990,1,3207,Karvetinagaram,2026-08-01,,3232.00,3324.1120,4.100,8.220,136.2886,273.2420,RMRD,BC,0.00,f
5109,1275,2231,9,TN25BB1990,2,3213,Narayanavanam,2026-08-01,,1996.00,2052.8860,4.100,8.220,84.1683,168.7472,RMRD,MC,0.00,f
5110,1275,2231,9,TN25BB1990,3,3019,Pannuru,2026-08-01,,1825.30,1877.3210,3.900,8.080,73.2155,151.6875,RMRD,"FC,MC",0.00,f
5111,1275,2231,9,TN25BB1990,4,3212,M.Kothuru,2026-08-01,,3849.20,3958.9022,3.900,8.180,154.3972,323.8382,RMRD,"MC,BC",0.00,f
5112,1275,2231,9,TN25BB1990,5,3208,S R Puram,2026-08-01,,3346.80,3442.1838,3.900,8.180,134.2452,281.5706,RMRD,FC,0.00,f
5113,1276,2232,10,AP07TJ2180,1,3022,Vedurukuppam,2026-08-01,,3206.00,3297.3710,3.900,8.180,128.5975,269.7249,RMRD,BC,0.00,f
5114,1276,2232,10,AP07TJ2180,2,3211,Kondakinda Pali,2026-08-01,,5224.00,5372.8840,4.000,8.200,214.9154,440.5765,RMRD,BC,0.00,f
5115,1276,2232,10,AP07TJ2180,3,3209,Kothapallimitta,2026-08-01,,3506.00,3605.9210,4.200,8.240,151.4487,297.1279,RMRD,FC,0.00,f
5116,1276,2232,10,AP07TJ2180,4,3001,Penumuru,2026-08-01,,4497.00,4625.1645,4.100,8.340,189.6317,385.7387,RMRD,FC,0.00,f
5117,1277,2233,11,AP03TE5050,1,3219,Reddigunta,2026-08-01,,4499.00,4627.2215,4.000,8.200,185.0889,379.4322,RMRD,BC,0.00,f
5118,1277,2233,11,AP03TE5050,2,3215,Yadamari,2026-08-01,,9060.00,9318.2100,4.000,8.320,372.7284,775.2751,RMRD,FC,0.00,f
5119,1277,2233,11,AP03TE5050,3,3439,KG Sathram,2026-08-01,,4278.00,4399.9230,4.000,8.200,175.9969,360.7937,RMRD,BC,0.00,f
5120,1277,2233,11,AP03TE5050,4,3429,G.K.Manchi,2026-08-01,,2087.00,2146.4795,4.100,8.350,88.0057,179.2310,RMRD,BC,0.00,f
5121,1277,2233,11,AP03TE5050,5,3430,Mogili,2026-08-01,,1517.00,1560.2345,3.900,8.180,60.8491,127.6272,RMRD,"FC,BC",0.00,f
5122,1277,2233,11,AP03TE5050,6,3427,Perumala Palli,2026-08-01,,622.00,639.7270,4.200,8.370,26.8685,53.5451,RMRD,BC,0.00,f
5123,1278,2234,12,TN28BB2353,1,3409,Shanthi Puram,2026-08-01,,5048.00,5191.8680,3.900,8.180,202.4829,424.6948,RMRD,FC,0.00,f
5124,1278,2234,12,TN28BB2353,2,3407,V Kota,2026-08-01,,4577.00,4707.4445,4.000,8.200,188.2978,386.0104,RMRD,"FC,BC",0.00,f
5125,1278,2234,12,TN28BB2353,3,3402,Baireddipalle,2026-08-01,,3796.00,3904.1860,3.900,8.180,152.2633,319.3624,RMRD,BC,0.00,f
5126,1278,2234,12,TN28BB2353,4,3405,Pathikonda,2026-08-01,,4981.00,5122.9585,3.800,8.160,194.6724,418.0334,RMRD,FC,0.00,f
5127,1279,2236,13,AP39WE8054,1,3004,Y S Gate,2026-08-01,,1836.00,1888.3260,4.200,8.370,79.3097,158.0529,RMRD,FC,0.00,f
5128,1279,2236,13,AP39WE8054,2,3217,K Patnam,2026-08-01,,1410.00,1450.1850,4.200,8.370,60.9078,121.3805,RMRD,FC,0.00,f
5129,1279,2236,13,AP39WE8054,3,3425,Gajulapalli,2026-08-01,,1462.00,1503.6670,4.000,8.200,60.1467,123.3007,RMRD,FC,0.00,f
5130,1279,2236,13,AP39WE8054,4,3429,G.K.Manchi,2026-08-01,,1994.00,2050.8290,3.800,8.280,77.9315,169.8086,RMRD,BC,0.00,f
5131,1279,2236,13,AP39WE8054,5,3439,KG Sathram,2026-08-01,,3878.00,3988.5230,3.800,8.160,151.5639,325.4635,RMRD,FC,0.00,f
5132,1279,2236,13,AP39WE8054,6,3023,Rangampeta Cross,2026-08-01,,6530.00,6716.1050,4.100,8.220,275.3603,552.0638,RMRD,"FC,BC",0.00,f
5133,1280,2237,14,AP31TF6368,1,3118,Gollamangalam,2026-08-01,,6876.00,7071.9660,4.300,8.390,304.0945,593.3379,RMRD,"FC,MC,BC",0.00,f
5134,1280,2237,14,AP31TF6368,2,3432,Madetipalli,2026-08-01,,10364.00,10659.3740,3.900,8.180,415.7156,871.9368,RMRD,"FC,BC",0.00,f
5135,1280,2237,14,AP31TF6368,3,3221,Bomma Samudram,2026-08-01,,3694.00,3799.2790,4.000,8.200,151.9712,311.5409,RMRD,MC,0.00,f
5136,1281,2238,15,TN52H5484,1,3006,Polireddipalli,2026-08-01,,3168.00,3258.2880,4.000,8.320,130.3315,271.0896,RMRD,BC,0.00,f
5137,1281,2238,15,TN52H5484,2,3002,Pakala,2026-08-01,,2803.00,2882.8855,4.100,8.350,118.1983,240.7209,RMRD,BC,0.00,f
5138,1281,2238,15,TN52H5484,3,3005,Komireddygari Palli,2026-08-01,,6062.00,6234.7670,4.100,8.220,255.6254,512.4978,RMRD,"FC,BC",0.00,f
5139,1281,2238,15,TN52H5484,4,3003,Damalacheruvu,2026-08-01,,3433.00,3530.8405,4.000,8.330,141.2336,294.1190,RMRD,FC,0.00,f
5140,1281,2238,15,TN52H5484,5,3007,Polakala,2026-08-01,,2273.00,2337.7805,4.100,8.350,95.8490,195.2047,RMRD,FC,0.00,f
5146,1283,2239,16,TN24AB6599,1,3701,Pellakuru,2026-08-01,,760.00,781.6600,7.500,9.060,58.6245,70.8184,RMRD,BC,0.00,f
5147,1283,2239,16,TN24AB6599,2,3701,Pellakuru,2026-08-01,,306.00,314.7210,4.400,8.400,13.8477,26.4366,RMRD,FC,0.00,f
5148,1283,2239,16,TN24AB6599,3,3014,Thottambedu,2026-08-01,,811.00,834.1135,4.400,8.280,36.7010,69.0646,RMRD,FC,0.00,f
5149,1283,2239,16,TN24AB6599,4,3014,Thottambedu,2026-08-01,,324.10,333.3369,7.900,9.020,26.3336,30.0670,RMRD,BC,0.00,f
5150,1283,2239,16,TN24AB6599,5,3013,B N Khandriga,2026-08-01,,1679.00,1726.8515,5.600,8.660,96.7037,149.5453,RMRD,BC,0.00,f
5151,1283,2239,16,TN24AB6599,6,3013,B N Khandriga,2026-08-01,,,,,,,,RMRD,,0.00,f
5152,1283,2239,16,TN24AB6599,7,3011,Varadaiahpalem,2026-08-01,,756.00,777.5460,6.400,8.820,49.7629,68.5796,RMRD,BC,0.00,f
5153,1283,2239,16,TN24AB6599,8,3018,Satyavedu,2026-08-01,,1085.30,1116.2310,5.200,8.580,58.0440,95.7726,RMRD,BC,0.00,f
5154,1283,2239,16,TN24AB6599,9,3016,Nagalapuram,2026-08-01,,793.00,815.6005,4.900,8.360,39.9644,68.1842,RMRD,FC,0.00,f
5155,1283,2239,16,TN24AB6599,10,3015,Pichatur,2026-08-01,,1078.00,1108.7230,4.400,8.400,48.7838,93.1327,RMRD,FC,0.00,f
5156,1283,2239,16,TN24AB6599,11,3017,K V B Puram,2026-08-01,,377.00,387.7445,7.000,9.080,27.1421,35.2072,RMRD,BC,0.00,f
5157,1283,2239,16,TN24AB6599,12,3017,K V B Puram,2026-08-01,,1563.00,1607.5455,4.200,8.240,67.5169,132.4617,RMRD,FC,0.00,f
5141,1282,2240,17,TN34AC5878,1,3010,Yerpedu,2026-08-01,,3379.00,3475.3015,4.300,8.380,149.4380,291.2303,RMRD,"FC,BC",0.00,f
5142,1282,2240,17,TN34AC5878,2,3010,Yerpedu,2026-08-01,,,,,,,,RMRD,,0.00,f
5143,1282,2240,17,TN34AC5878,3,3702,Venkatagiri,2026-08-01,,1152.00,1184.8320,7.500,8.680,88.8624,102.8434,RMRD,BC,0.00,f
5144,1282,2240,17,TN34AC5878,4,3704,Dakilli,2026-08-01,,855.00,879.3675,7.500,8.560,65.9526,75.2739,RMRD,BC,0.00,f
5145,1282,2240,17,TN34AC5878,5,3708,Pokurupalli,2026-08-01,,1013.90,1042.7962,7.600,8.830,79.2525,92.0789,RMRD,BC,0.00,f
5158,1284,2241,18,AP03TJ0088,1,3418,Nadimur,2026-08-01,,3804.20,3912.6197,3.800,8.280,148.6795,323.9649,RMRD,BC,0.00,f
5159,1284,2241,18,AP03TJ0088,2,3415,Kuppam BMCU,2026-08-01,,,,,,,,Balance Milk,,0.00,f
5160,1284,2241,18,AP03TJ0088,3,3408,Ramakuppam BMCU,2026-08-01,,4950.00,5091.0750,3.900,8.180,198.5519,416.4499,RMRD,FC,0.00,f
5161,1284,2241,18,AP03TJ0088,4,3413,Pedduru,2026-08-01,,4780.00,4916.2300,3.900,8.180,191.7330,402.1476,RMRD,"FC,MC",0.00,f
5162,1284,2241,18,AP03TJ0088,5,3437,Kuppiganipalli,2026-08-01,,1035.00,1064.4975,3.800,8.160,40.4509,86.8630,RMRD,BC,0.00,f
5163,1284,2241,18,AP03TJ0088,6,3435,Settipalli,2026-08-01,,8172.00,8404.9020,3.900,8.300,327.7912,697.6069,RMRD,"MC,BC",0.00,f
5164,1285,2242,19,TN24BD4749,1,3414,Gudupalli,2026-08-01,,,,,,,,RMRD,,0.00,f
5165,1285,2242,19,TN24BD4749,2,3415,Kuppam BMCU,2026-08-01,,,,,,,,RMRD,,0.00,f
5166,1285,2242,19,TN24BD4749,3,3418,Nadimur,2026-08-01,,,,,,,,RMRD,,0.00,f
5167,1286,2243,20,AP39WH0612,1,3420,Chandramakula Palli,2026-08-01,,2496.00,2567.1360,3.700,8.140,94.9840,208.9649,RMRD,FC,0.00,f
5168,1286,2243,20,AP39WH0612,2,3644,Penchupadu,2026-08-01,,6106.00,6280.0210,4.000,8.260,251.2008,518.7297,RMRD,FC,0.00,f
5169,1286,2243,20,AP39WH0612,3,3442,Ramasamudhram CC,2026-08-01,,4061.00,4176.7385,3.900,8.180,162.8928,341.6572,RMRD,"FC,BC",0.00,f
5170,1286,2243,20,AP39WH0612,4,3419,Punganur,2026-08-01,,5391.00,5544.6435,3.700,8.140,205.1518,451.3340,RMRD,"BC,MC",0.00,f
5171,1286,2243,20,AP39WH0612,5,3404,Peddapanjani,2026-08-01,,2661.00,2736.8385,3.700,8.140,101.2630,222.7787,RMRD,MC,0.00,f
5174,1288,2244,21,AP39UN4344,1,3649,B.Pappuru,2026-08-01,,5809.40,5974.9679,4.100,8.350,244.9737,498.9098,RMRD,"FC,BC",0.00,f
5175,1288,2244,21,AP39UN4344,2,3649,B.Pappuru,2026-08-01,,1390.90,1430.5407,6.900,8.930,98.7073,127.7473,RMRD,"FC,BC",0.00,f
5176,1288,2244,21,AP39UN4344,3,3647,Ragavapalli,2026-08-01,,3992.90,4106.6977,4.200,8.120,172.4813,333.4638,RMRD,"FC,BC",0.00,f
5177,1289,2245,22,AP39TK3377,1,3103,Konaluru,2026-08-01,,18144.00,18661.1040,4.200,8.490,783.7664,1584.3277,RMRD,"FC,BC",0.00,f
5178,1289,2245,22,AP39TK3377,2,3103,Konaluru,2026-08-01,,,,,,,,Balance Milk,,0.00,t
5172,1287,2246,23,TN28BA2919,1,3117,Aavalurpet,2026-08-01,,7709.00,7928.7065,4.200,8.490,333.0057,673.1472,RMRD,BC,0.00,f
5173,1287,2246,23,TN28BA2919,2,3105,Vanapuram,2026-08-01,,12076.00,12420.1660,4.200,8.490,521.6470,1054.4721,RMRD,"FC,BC",0.00,f
5204,1300,2247,24,TN24AR2944,1,3114,Rayakottai,2026-08-01,,3440.00,3538.0400,4.100,7.930,145.0596,280.5666,RMRD,BC,0.00,f
5205,1300,2247,24,TN24AR2944,2,3108,Sankaranarayanapuram(SN Puram),2026-08-01,,8107.00,8338.0495,3.800,7.750,316.8459,646.1988,RMRD,"FC,BC",0.00,f
5206,1300,2247,24,TN24AR2944,3,3113,CR Palyam,2026-08-01,,6499.00,6684.2215,3.900,7.890,260.6846,527.3851,RMRD,FC,0.00,f
5220,1305,2248,25,AP03TC7799,1,3123,Alamelupuram,2026-08-01,,6414.30,6597.1076,4.100,8.050,270.4814,531.0672,RMRD,FC,0.00,f
5221,1305,2248,25,AP03TC7799,2,3110,Kankanur,2026-08-01,,11588.00,11918.2580,4.000,8.080,476.7303,962.9952,RMRD,"FC,BC",0.00,f
5222,1306,2249,26,TN863039,1,3112,Harur,2026-08-01,,10426.30,10723.4496,4.000,8.070,428.9380,865.3824,RMRD,"FC,MC",0.00,f
5223,1306,2249,26,TN863039,2,3119,K Echambadi,2026-08-01,,8921.80,9176.0713,4.200,8.070,385.3950,740.5090,RMRD,"FC,BC",0.00,f
5207,1301,2250,27,TN86A9787,1,3106,Vandavasi,2026-08-01,,7658.00,7876.2530,4.100,8.050,322.9264,634.0384,RMRD,BC,0.00,f
5208,1301,2250,27,TN86A9787,2,3107,Devanur,2026-08-01,,7114.00,7316.7490,4.000,8.570,292.6700,627.0454,RMRD,FC,0.00,f
5209,1301,2250,27,TN86A9787,3,3116,LN Puram,2026-08-01,,6444.00,6627.6540,4.200,8.450,278.3615,560.0368,RMRD,"FC,BC",0.00,f
5199,1298,2251,28,TS08UB0037,1,3902,Kalwakurthy,2026-08-01,,5490.00,5646.4650,4.400,8.410,248.4445,474.8677,RMRD,"FC,BC",0.00,f
5200,1298,2251,28,TS08UB0037,2,3903,Thalakondapalli,2026-08-01,,3972.00,4085.2020,4.500,8.430,183.8341,344.3825,RMRD,BC,0.00,f
5201,1298,2251,28,TS08UB0037,3,3904,Kandukuru,2026-08-01,,1811.00,1862.6135,4.400,8.410,81.9550,156.6458,RMRD,FC,0.00,f
5179,1290,2252,29,TN28BF6792,1,3634,Kotha Cheruvu CC,2026-08-01,,8026.00,8254.7410,4.300,8.260,354.9539,681.8416,RMRD,"FC,BC",0.00,f
5180,1290,2252,29,TN28BF6792,2,3634,Kotha Cheruvu CC,2026-08-01,,,,,,,,RMRD,,0.00,f
5181,1290,2252,29,TN28BF6792,3,3631,Gorantla CC,2026-08-01,,7493.10,7706.6534,4.400,8.280,339.0927,638.1109,RMRD,"FC,BC",0.00,f
5216,1304,2253,30,AP39TD1229,1,3654,Madakasira CC,2026-08-01,,14472.00,14884.4520,4.400,8.410,654.9159,1251.7824,RMRD,"FC,BC",0.00,f
5217,1304,2253,30,AP39TD1229,2,3654,Madakasira CC,2026-08-01,,440.00,452.5400,4.400,8.410,19.9118,38.0586,RMRD,"FC,BC",0.00,f
5218,1304,2253,30,AP39TD1229,3,3645,Manesamudram,2026-08-01,,6464.60,6648.8411,4.000,8.200,265.9536,545.2050,RMRD,BC,0.00,f
5219,1304,2253,30,AP39TD1229,4,3652,Lepakshi CC,2026-08-01,,9257.30,9521.1330,4.100,8.310,390.3665,791.2062,RMRD,FC,0.00,f
5213,1303,2254,31,TN76AL9919,1,3642,Kokkanti Cross CC,2026-07-30,,7897.00,8122.0645,4.200,8.240,341.1267,669.2581,RMRD,FC,0.00,f
5214,1303,2254,31,TN76AL9919,2,3633,Nallamada CC,2026-07-30,,6984.00,7183.0440,4.100,8.220,294.5048,590.4462,RMRD,"FC,BC",0.00,f
5215,1303,2254,31,TN76AL9919,3,3655,Rallananthapur CC,2026-07-30,,4111.00,4228.1635,4.500,8.430,190.2674,356.4342,RMRD,FC,0.00,f
5210,1302,2255,32,TN30CL2599,1,3629,Kadiri Talapula CC,2026-08-01,,12914.00,13282.0490,4.100,8.220,544.5640,1091.7844,RMRD,"FC,BC",0.00,f
5211,1302,2255,32,TN30CL2599,2,3632,Gandlapenta CC,2026-08-01,,9267.00,9531.1095,4.100,8.220,390.7755,783.4572,RMRD,"FC,BC",0.00,f
5212,1302,2255,32,TN30CL2599,3,3809,Diguva Kancharla Palli,2026-08-01,,4509.00,4637.5065,3.900,8.180,180.8628,379.3480,RMRD,FC,0.00,f
5202,1299,2256,33,AP03TE2079,1,3641,Thurakapalli CC,2026-08-01,,12414.30,12768.1075,3.800,8.160,485.1881,1041.8776,RMRD,"FC,BC",0.00,f
5203,1299,2256,33,AP03TE2079,2,3651,CTM CC,2026-08-01,,6750.70,6943.0950,4.000,8.080,277.7238,561.0021,RMRD,"FC,BC",0.00,f
5197,1297,2257,34,RJ32GB7005,1,3416,7th Mile CC,2026-08-01,,25000.00,25712.5000,3.900,8.180,1002.7875,2103.2825,RMRD,"FC,BC",0.00,f
5198,1297,2257,34,RJ32GB7005,2,3416,7th Mile CC,2026-08-01,,,,,,,,RMRD,,0.00,t
5422,1297,2257,34,RJ32GB7005,3,3418,Nadimur,2026-08-01,,4112.90,4230.1176,3.800,8.160,160.7445,345.1776,RMRD,FC,0.00,f
5195,1296,2258,35,TG12T4949,1,3417,Avulanatham CC,2026-08-01,,14218.90,14624.1386,3.800,8.430,555.7173,1232.8149,RMRD,"FC,BC",0.00,f
5196,1296,2258,35,TG12T4949,2,3446,Nulukunta Cross,2026-08-01,,12767.20,13131.0652,3.900,8.300,512.1115,1089.8784,RMRD,"FC,BC",0.00,f
6931,1296,2258,35,TG12T4949,3,3021,Chandragiri CC,2026-08-01,,759.00,780.6315,3.900,8.180,30.4446,63.8557,RMRD,,0.00,f
5194,1295,2259,36,TN52Q9387,1,3438,Kuppam Rural CC,2026-08-01,,18774.40,19309.4704,3.900,8.180,753.0693,1579.5147,RMRD,"FC,BC",0.00,f
5190,1294,2260,37,TN24BC6019,1,3441,Ramakuppam CC,2026-08-01,,9662.00,9937.3670,4.000,8.200,397.4947,814.8641,RMRD,BC,0.00,f
5191,1294,2260,37,TN24BC6019,2,3436,VK Patrapalli CC,2026-08-01,,7372.00,7582.1020,4.000,8.200,303.2841,621.7324,RMRD,FC,0.00,f
5192,1294,2260,37,TN24BC6019,3,3440,Kondahalli CC,2026-08-01,,3428.00,3525.6980,4.100,8.220,144.5536,289.8124,RMRD,"FC,BC",0.00,f
5193,1294,2260,37,TN24BC6019,4,3435,Settipalli,2026-08-01,,1434.00,1474.8690,3.900,8.300,57.5199,122.4141,Balance Milk,FC,0.00,f
5188,1293,2261,38,AP02TC1483,1,3807,Lakkireddipalli,2026-07-31,,9990.70,10275.4350,4.100,8.220,421.2928,844.6408,RMRD,"FC,MC,BC",0.00,f
5189,1293,2261,38,AP02TC1483,2,3807,Lakkireddipalli,2026-07-31,,1158.60,1191.6201,5.500,8.640,65.5391,102.9560,RMRD,"FC,MC,BC",0.00,f
5185,1292,2262,39,AP03TE5699,1,3434,N Vaddanahalli CC,2026-08-01,,,,,,,,RMRD,,0.00,f
5186,1292,2262,39,AP03TE5699,2,3443,Lakkanapalli CC,2026-08-01,,,,,,,,RMRD,,0.00,f
5187,1292,2262,39,AP03TE5699,3,3406,Palamaner CC,2026-08-01,,,,,,,,RMRD,,0.00,f
5182,1291,2263,40,AP03TJ0033,1,3021,Chandragiri CC,2026-08-01,,7664.60,7883.0411,3.900,8.180,307.4386,644.8328,RMRD,FC,0.00,f
5183,1291,2263,40,AP03TJ0033,2,3021,Chandragiri CC,2026-08-01,,,,,,,,Balance Milk,,0.00,f
5184,1291,2263,40,AP03TJ0033,3,3020,Putturu CC,2026-08-01,,14695.00,15113.8075,4.200,8.370,634.7799,1265.0257,RMRD,"FC,BC",0.00,f
5254,1313,2264,41,SALE TANKER,1,3104,Karapattu,2026-08-01,,,,,,,,RMRD,,0.00,f
5257,1315,2265,42,SALE TANKER,1,3109,Mandakolathur,2026-08-01,,,,,,,,RMRD,,0.00,f
5258,1315,2265,42,SALE TANKER,2,3104,Karapattu,2026-08-01,,,,,,,,Balance Milk,,0.00,f
5259,1316,2266,43,AP03TE6660,1,3901,Gowraram ,2026-07-31,,2335.00,2401.5475,4.500,8.310,108.0696,199.5686,RMRD,BC,0.00,f
5704,1443,2360,43,AP03TE5699,1,3434,N Vaddanahalli CC,2026-08-01,,5296.60,5447.5531,3.900,8.300,212.4546,452.1469,RMRD,FC,0.00,f
5705,1443,2360,43,AP03TE5699,2,3443,Lakkanapalli CC,2026-08-01,,2523.00,2594.9055,4.000,8.200,103.7962,212.7823,RMRD,BC,0.00,f
5706,1443,2360,43,AP03TE5699,3,3406,Palamaner CC,2026-08-01,,16614.50,17088.0133,4.000,8.200,683.5205,1401.2171,RMRD,"BC,FC",0.00,f
5255,1314,2267,44,AP03TE9069,1,3101,Kumaravadi,2026-08-01,,3396.00,3492.7860,4.400,8.150,153.6826,284.6621,RMRD,"BC,MC",0.00,f
5256,1314,2267,44,AP03TE9069,2,3102,Thammanuru,2026-08-01,,3877.00,3987.4945,4.100,8.180,163.4873,326.1771,RMRD,"FC,MC",0.00,f
5400,1314,2267,44,AP03TE9069,3,3102,Thammanuru,2026-08-01,,368.00,378.4880,7.600,8.880,28.7651,33.6097,RMRD,MC,0.00,f
5401,1314,2267,44,AP03TE9069,4,3101,Kumaravadi,2026-08-01,,437.00,449.4545,7.000,8.580,31.4618,38.5632,RMRD,MC,0.00,f
5630,1417,2363,45,SALE TANKER,1,3417,Avulanatham CC,2026-08-01,,13094.20,13467.3847,3.900,8.430,525.2280,1135.3005,RMRD,"FC,BC",0.00,f
5631,1417,2363,45,SALE TANKER,2,3415,Kuppam BMCU,2026-08-01,,1610.50,1656.3993,3.900,8.300,64.5996,137.4811,Balance Milk,FC,0.00,f
5633,1419,2369,46,SALE TANKER,1,3417,Avulanatham CC,2026-08-01,,13094.20,13467.3847,3.900,8.430,525.2280,1135.3005,RMRD,"FC,BC",0.00,f
5632,1418,2364,46,SALE TANKER,1,3104,Karapattu,2026-08-01,,14780.60,15201.8471,4.100,8.470,623.2757,1287.5964,RMRD,"FC,BC",0.00,f
5634,1419,2369,46,SALE TANKER,2,3415,Kuppam BMCU,2026-08-01,,1610.50,1656.3993,3.900,8.300,64.5996,137.4811,RMRD,FC,0.00,f
5635,1420,2365,47,SALE TANKER,1,3109,Mandakolathur,2026-08-01,,16913.90,17395.9462,4.200,8.490,730.6297,1476.9158,RMRD,"FC,BC",0.00,f
5649,1420,2365,47,SALE TANKER,2,3104,Karapattu,2026-08-01,,5561.00,5719.4885,4.100,8.470,234.4990,484.4407,RMRD,FC,0.00,f
5636,1420,2365,47,SALE TANKER,2,3104,Karapattu,2026-08-01,,5561.00,5719.4885,4.100,8.470,234.4990,484.4407,Balance Milk,FC,0.00,t
5650,1423,2366,48,SALE TANKER,1,3414,Gudupalli,2026-08-01,,9359.80,9626.5543,3.900,8.300,375.4356,799.0040,RMRD,"FC,BC",0.00,f
5651,1423,2366,48,SALE TANKER,2,3415,Kuppam BMCU,2026-08-01,,5466.00,5621.7810,3.900,8.300,219.2495,466.6078,Balance Milk,FC,0.00,t
5652,1423,2366,48,SALE TANKER,2,3415,Kuppam BMCU,2026-08-01,,5466.00,5621.7810,3.900,8.300,219.2495,466.6078,RMRD,FC,0.00,f
5390,1349,2268,1,TN36AU2208,1,3648,Mohamadabad/MB Cross,2026-08-02,,6035.00,6206.9975,4.100,8.100,254.4869,502.7668,RMRD,BC,0.00,f
5391,1349,2268,1,TN36AU2208,2,3646,Moram Pali,2026-08-02,,4229.00,4349.5265,4.100,8.100,178.3306,352.3116,RMRD,FC,0.00,f
5392,1349,2268,1,TN36AU2208,3,3653,Mamillapalli,2026-08-02,,7990.00,8217.7150,4.100,8.220,336.9263,675.4962,RMRD,"FC,BC",0.00,f
5567,1402,2269,2,AP02TC1483,1,3649,B.Pappuru,2026-08-02,,1333.80,1371.8133,6.900,8.930,94.6551,122.5029,RMRD,FC,0.00,f
5568,1402,2269,2,AP02TC1483,2,3649,B.Pappuru,2026-08-02,,5764.60,5928.8911,4.100,8.350,243.0845,495.0624,RMRD,MC,0.00,f
5569,1402,2269,2,AP02TC1483,3,3647,Ragavapalli,2026-08-02,,3808.70,3917.2479,4.200,8.120,164.5244,318.0805,RMRD,FC,0.00,f
5570,1403,2270,3,AP39UE0787,1,3613,P T M,2026-08-02,,2815.00,2895.2275,4.000,8.200,115.8091,237.4087,RMRD,BC,0.00,f
5571,1403,2270,3,AP39UE0787,2,3610,B Kothakota,2026-08-02,,5926.00,6094.8910,3.900,8.180,237.7007,498.5621,RMRD,FC,0.00,f
5572,1403,2270,3,AP39UE0787,3,3612,Poojavari Palli,2026-08-02,,1665.00,1712.4525,3.900,8.300,66.7856,142.1336,RMRD,FC,0.00,f
5573,1403,2270,3,AP39UE0787,4,3609,Kurabala Kota,2026-08-02,,6708.00,6899.1780,3.800,8.030,262.1688,554.0040,RMRD,MC,0.00,f
5574,1403,2270,3,AP39UE0787,5,3602,Tharigonda,2026-08-02,,2903.00,2985.7355,3.700,8.140,110.4722,243.0389,RMRD,BC,0.00,f
5575,1404,2271,4,AP03TE5888,1,3623,Yallam Palli,2026-08-02,,1806.00,1857.4710,3.800,8.030,70.5839,149.1549,RMRD,BC,0.00,f
5576,1404,2271,4,AP03TE5888,2,3637,Nimmanna Palli,2026-08-02,,3958.00,4070.8030,3.800,8.160,154.6905,332.1775,RMRD,FC,0.00,f
5577,1404,2271,4,AP03TE5888,3,3603,Vayalpadu,2026-08-02,,3143.00,3232.5755,4.000,8.200,129.3030,265.0712,RMRD,FC,0.00,f
5578,1404,2271,4,AP03TE5888,4,3601,Chinthaparthi,2026-08-02,,4240.00,4360.8400,3.800,8.030,165.7119,350.1755,RMRD,BC,0.00,f
5579,1404,2271,4,AP03TE5888,5,3607,Manchuru,2026-08-02,,2183.00,2245.2155,4.000,8.200,89.8086,184.1077,RMRD,"FC,BC",0.00,f
5580,1404,2271,4,AP03TE5888,6,3616,Kalikiri,2026-08-02,,6270.10,6448.7979,3.800,8.160,245.0543,526.2219,RMRD,FC,0.00,f
5585,1406,2272,5,AP26TF4985,1,3619,Garnimitta,2026-08-02,,2277.00,2341.8945,3.900,8.180,91.3339,191.5670,RMRD,BC,0.00,f
5586,1406,2272,5,AP26TF4985,2,3622,Gyarampalli,2026-08-02,,3173.00,3263.4305,3.900,8.180,127.2738,266.9486,RMRD,BC,0.00,f
5587,1406,2272,5,AP26TF4985,3,3617,Kalakada,2026-08-02,,3235.00,3327.1975,3.850,8.100,128.0971,269.5030,RMRD,BC,0.00,f
5588,1406,2272,5,AP26TF4985,4,3618,Gadi,2026-08-02,,3013.00,3098.8705,3.900,8.050,120.8559,249.4591,RMRD,FC,0.00,f
5589,1406,2272,5,AP26TF4985,5,3621,Regallu,2026-08-02,,2794.00,2873.6290,3.900,8.050,112.0715,231.3271,RMRD,FC,0.00,f
5590,1406,2272,5,AP26TF4985,6,3620,Piler,2026-08-02,,6048.00,6220.3680,3.800,8.160,236.3740,507.5820,RMRD,"FC,BC",0.00,f
5591,1407,2273,6,AP07TJ2180,1,3628,Diguva Thotluvari Palli,2026-08-02,,3860.30,3970.3186,3.800,8.160,150.8721,323.9780,RMRD,FC,0.00,f
5592,1407,2273,6,AP07TJ2180,2,3624,Thamballapalle,2026-08-02,,5027.00,5170.2695,4.000,8.200,206.8108,423.9621,RMRD,BC,0.00,f
5593,1407,2273,6,AP07TJ2180,3,3627,Mudivedu,2026-08-02,,3902.00,4013.2070,3.900,8.180,156.5151,328.2803,RMRD,"FC,BC",0.00,f
5594,1407,2273,6,AP07TJ2180,4,3625,Reddi Kota,2026-08-02,,3813.60,3922.2876,3.800,8.030,149.0469,314.9597,RMRD,FC,0.00,f
5409,1356,2274,7,AP03TF2538,1,3227,Pincha,2026-08-02,,4131.70,4249.4535,3.700,8.000,157.2298,339.9563,RMRD,"FC,BC",0.00,f
5410,1356,2274,7,AP03TF2538,2,3201,Mellacheruv,2026-08-02,,4357.00,4481.1745,3.800,8.030,170.2846,359.8383,RMRD,"FC,BC",0.00,f
5411,1356,2274,7,AP03TF2538,3,3203,Talapula(Piler),2026-08-02,,3378.60,3474.8901,3.700,7.990,128.5709,277.6437,RMRD,FC,0.00,f
5412,1356,2274,7,AP03TF2538,4,3206,Bodevandlapalli,2026-08-02,,3856.00,3965.8960,3.700,8.010,146.7382,317.6683,RMRD,"FC,MC",0.00,f
5413,1356,2274,7,AP03TF2538,5,3204,Bakarapeta,2026-08-02,,3389.00,3485.5865,3.900,8.180,135.9379,285.1210,RMRD,BC,0.00,f
5394,1351,2275,8,TN28AR1990,1,3205,C.G.Gallu,2026-08-02,,3215.00,3306.6275,3.900,8.180,128.9585,270.4821,RMRD,,0.00,f
5395,1351,2275,8,TN28AR1990,2,3202,Y V Pallm,2026-08-02,,8230.00,8464.5550,3.700,8.140,313.1885,689.0148,RMRD,,0.00,f
5396,1351,2275,8,TN28AR1990,3,3228,Udaymanikyam CC,2026-08-02,,8443.00,8683.6255,3.800,8.030,329.9778,697.2951,RMRD,,0.00,f
5397,1352,2277,9,AP07TN0549,1,3224,Palasamudram,2026-08-02,,6879.00,7075.0515,4.100,8.220,290.0771,581.5692,RMRD,FC,0.00,f
5398,1352,2277,9,AP07TN0549,2,3223,Thugundram,2026-08-02,,4812.00,4949.1420,4.100,8.350,202.9148,413.2534,RMRD,"FC,BC",0.00,f
5399,1352,2277,9,AP07TN0549,3,3222,G D Nellore,2026-08-02,,7646.00,7863.9110,4.000,8.197,314.5564,644.6048,RMRD,BC,0.00,f
5403,1354,2278,10,TN25BB1990,1,3207,Karvetinagaram,2026-08-02,,3198.00,3289.1430,4.000,8.200,131.5657,269.7097,RMRD,BC,0.00,f
5404,1354,2278,10,TN25BB1990,2,3213,Narayanavanam,2026-08-02,,1986.00,2042.6010,4.000,8.100,81.7040,165.4507,RMRD,MC,0.00,f
5405,1354,2278,10,TN25BB1990,3,3019,Pannuru,2026-08-02,,1835.70,1888.0175,3.900,8.080,73.6327,152.5518,RMRD,FC,0.00,f
5406,1354,2278,10,TN25BB1990,4,3212,M.Kothuru,2026-08-02,,3718.30,3824.2716,3.900,8.080,149.1466,309.0011,RMRD,"MC,BC",0.00,f
5407,1354,2278,10,TN25BB1990,5,3208,S R Puram,2026-08-02,,3223.00,3314.8555,3.900,8.180,129.2794,271.1552,RMRD,FC,0.00,f
5581,1405,2279,11,AP39TB8024,1,3022,Vedurukuppam,2026-08-02,,3212.00,3303.5420,3.900,8.180,128.8381,270.2297,RMRD,BC,0.00,f
5582,1405,2279,11,AP39TB8024,2,3211,Kondakinda Pali,2026-08-02,,5186.00,5333.8010,4.000,8.200,213.3520,437.3717,RMRD,FC,0.00,f
5583,1405,2279,11,AP39TB8024,3,3209,Kothapallimitta,2026-08-02,,3554.90,3656.2147,4.000,8.200,146.2486,299.8096,RMRD,"FC,BC",0.00,f
5584,1405,2279,11,AP39TB8024,4,3001,Penumuru,2026-08-02,,4412.00,4537.7420,4.100,8.340,186.0474,378.4477,RMRD,FC,0.00,f
5595,1408,2310,12,TN34AH5181,1,3215,Yadamari,2026-08-02,,8934.00,9188.6190,4.000,8.320,367.5448,764.4931,RMRD,"FC,BC",0.00,f
5596,1408,2310,12,TN34AH5181,2,3219,Reddigunta,2026-08-02,,4842.00,4979.9970,4.000,8.200,199.1999,408.3598,RMRD,BC,0.00,f
5597,1408,2310,12,TN34AH5181,3,3217,K Patnam,2026-08-02,,1348.00,1386.4180,4.000,8.220,55.4567,113.9636,RMRD,FC,0.00,f
5598,1408,2310,12,TN34AH5181,4,3023,Rangampeta Cross,2026-08-02,,4305.00,4427.6925,4.100,8.350,181.5354,369.7123,RMRD,FC,0.00,f
5599,1409,2281,13,AP39TK3377,1,3409,Shanthi Puram,2026-08-02,,4698.90,4832.8186,3.900,8.180,188.4799,395.3246,RMRD,BC,0.00,f
5600,1409,2281,13,AP39TK3377,2,3407,V Kota,2026-08-02,,4622.00,4753.7270,4.000,8.200,190.1491,389.8056,RMRD,BC,0.00,f
5601,1409,2281,13,AP39TK3377,3,3402,Baireddipalle,2026-08-02,,4488.00,4615.9080,3.900,8.180,180.0204,377.5813,RMRD,"FC,BC",0.00,f
5602,1409,2281,13,AP39TK3377,4,3405,Pathikonda,2026-08-02,,4996.00,5138.3860,3.800,8.160,195.2587,419.2923,RMRD,FC,0.00,f
5415,1358,2282,14,AP04TW4458,1,3004,Y S Gate,2026-08-02,,3716.00,3821.9060,4.000,8.330,152.8762,318.3648,RMRD,BC,0.00,f
5416,1358,2282,14,AP04TW4458,2,3217,K Patnam,2026-08-02,,2732.00,2809.8620,4.100,8.350,115.2043,234.6235,RMRD,FC,0.00,f
5417,1358,2282,14,AP04TW4458,3,3425,Gajulapalli,2026-08-02,,2882.30,2964.4456,3.900,8.180,115.6134,242.4916,RMRD,BC,0.00,f
5418,1358,2282,14,AP04TW4458,4,3427,Perumala Palli,2026-08-02,,1206.00,1240.3710,4.200,8.370,52.0956,103.8191,RMRD,FC,0.00,f
5419,1358,2282,14,AP04TW4458,5,3430,Mogili,2026-08-02,,2895.00,2977.5075,3.900,8.180,116.1228,243.5601,RMRD,BC,0.00,f
5420,1358,2282,14,AP04TW4458,6,3429,G.K.Manchi,2026-08-02,,2078.00,2137.2230,4.000,8.330,85.4889,178.0307,RMRD,FC,0.00,f
5421,1358,2282,14,AP04TW4458,7,3439,KG Sathram,2026-08-02,,4159.90,4278.4571,4.100,8.220,175.4167,351.6892,RMRD,"FC,BC",0.00,f
5603,1410,2283,15,AP03TE9419,1,3118,Gollamangalam,2026-08-02,,6653.00,6842.6105,4.300,8.390,294.2323,574.0950,RMRD,"MC,BC,FC",0.00,f
5604,1410,2283,15,AP03TE9419,2,3432,Madetipalli,2026-08-02,,10352.00,10647.0320,3.900,8.180,415.2342,870.9272,RMRD,FC,0.00,f
5605,1410,2283,15,AP03TE9419,3,3221,Bomma Samudram,2026-08-02,,3198.00,3289.1430,4.000,8.200,131.5657,269.7097,RMRD,MC,0.00,f
5606,1411,2309,16,AP03TE6599,1,3006,Polireddipalli,2026-08-02,,3171.00,3261.3735,4.000,8.320,130.4549,271.3463,RMRD,BC,0.00,f
5607,1411,2309,16,AP03TE6599,2,3002,Pakala,2026-08-02,,2777.60,2856.7616,4.100,8.350,117.1272,238.5396,RMRD,BC,0.00,f
5608,1411,2309,16,AP03TE6599,3,3005,Komireddygari Palli,2026-08-02,,5983.20,6153.7212,4.100,8.220,252.3026,505.8359,RMRD,FC,0.00,f
5609,1411,2309,16,AP03TE6599,4,3003,Damalacheruvu,2026-08-02,,3383.00,3479.4155,4.000,8.330,139.1766,289.8353,RMRD,MC,0.00,f
5610,1411,2309,16,AP03TE6599,5,3007,Polakala,2026-08-02,,2255.00,2319.2675,4.100,8.350,95.0900,193.6588,RMRD,MC,0.00,f
5611,1411,2309,16,AP03TE6599,6,3021,Chandragiri CC,2026-08-02,,2675.10,2751.3404,4.000,8.200,110.0536,225.6099,RMRD,MC,0.00,f
5641,1422,2308,17,TN13H2455,1,3701,Pellakuru,2026-08-02,,647.80,666.2623,4.100,8.340,27.3168,55.5663,RMRD,BC,0.00,f
5642,1422,2308,17,TN13H2455,2,3014,Thottambedu,2026-08-02,,,,,,,,RMRD,,0.00,t
5643,1422,2308,17,TN13H2455,3,3013,B N Khandriga,2026-08-02,,2535.00,2607.2475,5.300,8.720,138.1841,227.3520,RMRD,FC,0.00,f
5644,1422,2308,17,TN13H2455,4,3011,Varadaiahpalem,2026-08-02,,1176.00,1209.5160,6.000,8.740,72.5710,105.7117,RMRD,FC,0.00,f
5645,1422,2308,17,TN13H2455,5,3018,Satyavedu,2026-08-02,,1918.20,1972.8687,4.800,8.490,94.6977,167.4966,RMRD,FC,0.00,f
5646,1422,2308,17,TN13H2455,6,3016,Nagalapuram,2026-08-02,,1204.00,1238.3140,4.600,8.300,56.9624,102.7801,RMRD,BC,0.00,f
5647,1422,2308,17,TN13H2455,7,3015,Pichatur,2026-08-02,,1802.00,1853.3570,4.200,8.250,77.8410,152.9020,RMRD,BC,0.00,f
5648,1422,2308,17,TN13H2455,8,3017,K V B Puram,2026-08-02,,2792.00,2871.5720,4.000,8.200,114.8629,235.4689,RMRD,BC,0.00,f
5653,1422,2308,17,TN13H2455,9,3014,Thottambedu,2026-08-02,,1566.00,1610.6310,4.400,8.280,70.8678,133.3602,RMRD,BC,0.00,f
5654,1422,2308,17,TN13H2455,10,3017,K V B Puram,2026-08-02,,364.00,374.3740,7.000,9.080,26.2062,33.9932,RMRD,FC,0.00,f
5710,1422,2308,17,TN13H2455,11,3701,Pellakuru,2026-08-02,,1411.10,1451.3163,7.000,8.970,101.5921,130.1831,RMRD,FC,0.00,f
5655,1422,2308,17,TN13H2455,16,3014,Thottambedu,2026-08-02,,322.70,331.8970,7.620,8.830,25.2905,29.3065,RMRD,FC,0.00,f
5623,1415,2286,18,TN34AC5878,1,3010,Yerpedu,2026-08-02,,3197.00,3288.1145,4.100,8.220,134.8127,270.2830,RMRD,BC,0.00,f
5624,1415,2286,18,TN34AC5878,2,3010,Yerpedu,2026-08-02,,214.00,220.0990,7.800,9.120,17.1677,20.0730,RMRD,FC,0.00,f
5625,1415,2286,18,TN34AC5878,3,3702,Venkatagiri,2026-08-02,,1131.00,1163.2335,7.500,8.680,87.2425,100.9687,RMRD,FC,0.00,f
5626,1415,2286,18,TN34AC5878,4,3704,Dakilli,2026-08-02,,827.00,850.5695,7.600,8.700,64.6433,73.9995,RMRD,FC,0.00,f
5627,1415,2286,18,TN34AC5878,5,3708,Pokurupalli,2026-08-02,,975.00,1002.7875,7.500,8.810,75.2091,88.3456,RMRD,FC,0.00,f
5694,1440,2287,19,TN24BD4749,1,3415,Kuppam BMCU,2026-08-02,,2409.00,2477.6565,3.900,8.300,96.6286,205.6455,Balance Milk,BC,0.00,f
5695,1440,2287,19,TN24BD4749,2,3418,Nadimur,2026-08-02,,3813.70,3922.3905,3.800,8.220,149.0508,322.4205,RMRD,BC,0.00,f
5696,1440,2287,19,TN24BD4749,3,3408,Ramakuppam BMCU,2026-08-02,,4950.00,5091.0750,3.900,8.180,198.5519,416.4499,RMRD,BC,0.00,f
5697,1440,2287,19,TN24BD4749,4,3413,Pedduru,2026-08-02,,4791.00,4927.5435,3.900,8.180,192.1742,403.0731,RMRD,FC,0.00,f
5698,1440,2287,19,TN24BD4749,5,3437,Kuppiganipalli,2026-08-02,,1013.00,1041.8705,3.800,8.160,39.5911,85.0166,RMRD,FC,0.00,f
5699,1440,2287,19,TN24BD4749,6,3435,Settipalli,2026-08-02,,7984.00,8211.5440,3.900,8.180,320.2502,671.7043,RMRD,"FC,BC",0.00,f
5612,1412,2288,20,TN52Q9387,1,3420,Chandramakula Palli,2026-08-02,,2430.00,2499.2550,3.700,8.140,92.4724,203.4394,RMRD,"FC,BC",0.00,f
5613,1412,2288,20,TN52Q9387,2,3644,Penchupadu,2026-08-02,,6132.00,6306.7620,4.000,8.260,252.2705,520.9385,RMRD,BC,0.00,f
5614,1412,2288,20,TN52Q9387,3,3442,Ramasamudhram CC,2026-08-02,,4076.00,4192.1660,3.900,8.180,163.4945,342.9192,RMRD,BC,0.00,f
5615,1412,2288,20,TN52Q9387,4,3419,Punganur,2026-08-02,,5409.00,5563.1565,3.700,8.140,205.8368,452.8409,RMRD,"BC,FC",0.00,f
5616,1412,2288,20,TN52Q9387,5,3404,Peddapanjani,2026-08-02,,2664.00,2739.9240,3.700,8.140,101.3772,223.0298,RMRD,FC,0.00,f
5693,1439,2289,21,TN52P3684,1,3103,Konaluru,2026-08-02,,17679.00,18182.8515,4.200,8.490,763.6798,1543.7241,RMRD,"FC,BC",0.00,f
5680,1433,2290,22,TN28BZ3247,1,3117,Aavalurpet,2026-08-02,,7558.00,7773.4030,4.200,8.490,326.4829,659.9619,RMRD,"BC,FC",0.00,f
5681,1433,2290,22,TN28BZ3247,2,3105,Vanapuram,2026-08-02,,11741.00,12075.6185,4.100,8.470,495.1004,1022.8049,RMRD,"FC,BC",0.00,f
5687,1436,2291,23,TN86B1591,1,3109,Mandakolathur,2026-08-02,,16656.00,17130.6960,4.000,8.450,685.2278,1447.5438,RMRD,"BC,FC",0.00,f
5688,1436,2291,23,TN86B1591,2,3104,Karapattu,2026-08-02,,4832.00,4969.7120,4.100,8.470,203.7582,420.9346,Balance Milk,"BC,FC",0.00,f
5701,1442,2292,24,TN863039,1,3114,Rayakottai,2026-08-02,,3367.00,3462.9595,4.000,7.910,138.5184,273.9201,RMRD,MC,0.00,f
5702,1442,2292,24,TN863039,2,3108,Sankaranarayanapuram(SN Puram),2026-08-02,,8001.00,8229.0285,3.700,7.730,304.4741,636.1039,RMRD,"FC,BC",0.00,f
5703,1442,2292,24,TN863039,3,3113,CR Palyam,2026-08-02,,6551.00,6737.7035,3.900,7.890,262.7704,531.6048,RMRD,BC,0.00,f
5684,1435,2293,25,TN24AR2944,1,3110,Kankanur,2026-08-02,,,,,,,,RMRD,,0.00,t
5685,1435,2293,25,TN24AR2944,2,3110,Kankanur,2026-08-02,,12139.00,12484.9615,4.000,8.080,499.3985,1008.7849,RMRD,"FC,BC",0.00,f
5686,1435,2293,25,TN24AR2944,3,3123,Alamelupuram,2026-08-02,,6450.70,6634.5449,4.100,8.090,272.0163,536.7347,RMRD,"BC,FC",0.00,f
5682,1434,2294,26,TN28BB2353,1,3112,Harur,2026-08-02,,10428.90,10726.1237,4.000,8.080,429.0449,866.6708,RMRD,"FC,BC",0.00,f
5683,1434,2294,26,TN28BB2353,2,3119,K Echambadi,2026-08-02,,8882.21,9135.3530,4.200,8.070,383.6848,737.2230,RMRD,"FC,BC",0.00,f
5711,1446,2296,27,TS08UB0037,1,3902,Kalwakurthy,2026-08-02,,5657.00,5818.2245,4.300,8.390,250.1837,488.1490,RMRD,"FC,BC",0.00,f
5637,1421,2295,27,AP16TH5494,1,3116,LN Puram,2026-08-02,,4969.00,5110.6165,4.400,8.490,224.8671,433.8913,RMRD,BC,0.00,f
5712,1446,2296,27,TS08UB0037,2,3903,Thalakondapalli,2026-08-02,,4082.00,4198.3370,4.500,8.000,188.9252,335.8670,RMRD,BC,0.00,f
5638,1421,2295,27,AP16TH5494,2,3116,LN Puram,2026-08-02,,,,,,,,RMRD,,0.00,t
5639,1421,2295,27,AP16TH5494,3,3107,Devanur,2026-08-02,,6801.00,6994.8285,4.100,8.590,286.7880,600.8558,RMRD,FC,0.00,f
5713,1446,2296,27,TS08UB0037,3,3904,Kandukuru,2026-08-02,,3230.00,3322.0550,4.300,8.510,142.8484,282.7069,RMRD,FC,0.00,f
5640,1421,2295,27,AP16TH5494,4,3106,Vandavasi,2026-08-02,,7251.00,7457.6535,4.100,8.050,305.7638,600.3411,RMRD,"FC,BC",0.00,f
5628,1416,2297,29,AP39UX5014,1,3631,Gorantla CC,2026-08-02,,15507.80,15949.7723,4.200,8.240,669.8904,1314.2612,RMRD,"FC,BC",0.00,f
5629,1416,2297,29,AP39UX5014,2,3634,Kotha Cheruvu CC,2026-08-02,,7636.00,7853.6260,4.300,8.260,337.7059,648.7095,RMRD,BC,0.00,f
5671,1430,2298,30,AP39TF3392,1,3652,Lepakshi CC,2026-08-02,,9642.00,9916.7970,4.200,8.200,416.5055,813.1774,RMRD,BC,0.00,f
5672,1430,2298,30,AP39TF3392,2,3652,Lepakshi CC,2026-08-02,,,,,,,,RMRD,,0.00,t
5673,1430,2298,30,AP39TF3392,3,3645,Manesamudram,2026-08-02,,6444.10,6627.7569,4.000,8.200,265.1103,543.4761,RMRD,FC,0.00,f
5674,1430,2298,30,AP39TF3392,4,3654,Madakasira CC,2026-08-02,,13911.00,14307.4635,4.400,8.530,629.5284,1220.4266,RMRD,"BC,FC",0.00,f
5665,1428,2299,31,AP03TE5533,1,3642,Kokkanti Cross CC,2026-08-02,,7890.00,8114.8650,4.200,8.240,340.8243,668.6649,RMRD,BC,0.00,f
5666,1428,2299,31,AP03TE5533,2,3633,Nallamada CC,2026-08-02,,6895.00,7091.5075,4.100,8.220,290.7518,582.9219,RMRD,"FC,BC",0.00,f
5667,1428,2299,31,AP03TE5533,3,3655,Rallananthapur CC,2026-08-02,,4009.00,4123.2565,4.500,8.430,185.5465,347.5905,RMRD,FC,0.00,f
5620,1414,2300,32,AP39WM0723,1,3629,Kadiri Talapula CC,2026-08-02,,13122.10,13496.0799,4.100,8.220,553.3393,1109.3778,RMRD,"FC,BC",0.00,f
5621,1414,2300,32,AP39WM0723,2,3809,Diguva Kancharla Palli,2026-08-02,,4525.00,4653.9625,3.900,8.180,181.5045,380.6941,RMRD,BC,0.00,f
5622,1414,2300,32,AP39WM0723,3,3641,Thurakapalli CC,2026-08-02,,12411.90,12765.6391,3.800,8.160,485.0943,1041.6762,RMRD,BC,0.00,f
5408,1355,2301,33,AP03TE9599,1,3632,Gandlapenta CC,2026-08-02,,9046.00,9303.8110,4.100,8.200,381.4563,762.9125,RMRD,"FC,BC",0.00,f
5700,1441,2302,34,AP39WB9499,1,3416,7th Mile CC,2026-08-02,,23200.00,23861.2000,4.000,8.200,954.4480,1956.6184,RMRD,"BC,FC",0.00,f
5691,1438,2303,35,AP26TF3569,1,3446,Nulukunta Cross,2026-08-02,,12742.00,13105.1470,3.900,8.300,511.1007,1087.7272,RMRD,"BC,FC",0.00,f
5692,1438,2303,35,AP26TF3569,2,3438,Kuppam Rural CC,2026-08-02,,16850.00,17330.2250,3.900,8.180,675.8788,1417.6124,RMRD,"FC,BC",0.00,f
5689,1437,2304,36,TN52S7499,1,3417,Avulanatham CC,2026-08-02,,27391.10,28171.7463,3.900,8.430,1098.6981,2374.8782,RMRD,"FC,BC",0.00,f
5690,1437,2304,36,TN52S7499,2,3438,Kuppam Rural CC,2026-08-02,,1536.00,1579.7760,3.900,8.180,61.6113,129.2257,Balance Milk,FC,0.00,f
5617,1413,2305,37,AP03TJ0088,1,3441,Ramakuppam CC,2026-08-02,,9375.00,9642.1875,4.000,8.200,385.6875,790.6594,RMRD,"FC,BC",0.00,f
5618,1413,2305,37,AP03TJ0088,2,3436,VK Patrapalli CC,2026-08-02,,7259.00,7465.8815,4.000,8.200,298.6353,612.2023,RMRD,MC,0.00,f
5619,1413,2305,37,AP03TJ0088,3,3440,Kondahalli CC,2026-08-02,,3323.00,3417.7055,4.000,8.330,136.7082,284.6949,RMRD,MC,0.00,f
5707,1444,2306,38,AP39UN4344,1,3807,Lakkireddipalli,2026-08-02,,10071.60,10358.6406,4.100,8.220,424.7043,851.4803,RMRD,BC,0.00,f
5708,1444,2306,38,AP39UN4344,2,3807,Lakkireddipalli,2026-08-02,,1134.40,1166.7304,5.100,8.430,59.5033,98.3554,RMRD,FC,0.00,f
5668,1429,2307,39,TN28AQ5726,1,3434,N Vaddanahalli CC,2026-08-02,,5342.60,5494.8641,3.900,8.300,214.2997,456.0737,RMRD,BC,0.00,f
5669,1429,2307,39,TN28AQ5726,2,3443,Lakkanapalli CC,2026-08-02,,4995.00,5137.3575,4.000,8.080,205.4943,415.0985,RMRD,MC,0.00,f
5670,1429,2307,39,TN28AQ5726,3,3406,Palamaner CC,2026-08-02,,8486.70,8728.5710,4.100,8.220,357.8714,717.4885,RMRD,"FC,BC",0.00,f
5389,1348,2311,40,AP03TE6660,1,3901,Gowraram ,2026-08-02,,2318.00,2384.0630,4.500,8.310,107.2828,198.1156,RMRD,BC,0.00,f
5393,1350,2313,42,AP03TE2079,1,3020,Putturu CC,2026-08-02,,14544.60,14959.1211,4.200,8.240,628.2831,1232.6316,RMRD,"FC,BC",0.00,f
5714,1447,2314,43,AP39WH0612,1,3415,Kuppam BMCU,2026-08-02,,8551.00,8794.7035,3.900,8.300,342.9934,729.9604,RMRD,"FC,BC",0.00,f
5715,1447,2314,43,AP39WH0612,2,3414,Gudupalli,2026-08-02,,9394.00,9661.7290,3.900,8.300,376.8074,801.9235,RMRD,"MC,FC",0.00,f
5716,1447,2314,43,AP39WH0612,3,3418,Nadimur,2026-08-02,,5222.90,5371.7526,3.800,8.220,204.1266,441.5581,RMRD,BC,0.00,f
5709,1445,2315,44,TN24AB6599,1,3651,CTM CC,2026-08-02,,13602.50,13990.1713,3.900,8.050,545.6167,1126.2088,RMRD,"FC,BC",0.00,f
5661,1427,2316,46,AP03TE9069,1,3101,Kumaravadi,2026-08-02,,3470.90,3569.8207,4.400,8.150,157.0721,290.9404,RMRD,"FC,BC",0.00,f
5662,1427,2316,46,AP03TE9069,2,3102,Thammanuru,2026-08-02,,386.90,397.9266,7.400,8.960,29.4466,35.6542,RMRD,MC,0.00,f
5663,1427,2316,46,AP03TE9069,3,3101,Kumaravadi,2026-08-02,,422.00,434.0270,7.300,8.890,31.6840,38.5850,RMRD,MC,0.00,f
5664,1427,2316,46,AP03TE9069,4,3102,Thammanuru,2026-08-02,,3840.00,3949.4400,4.000,8.160,157.9776,322.2743,RMRD,"MC,BC",0.00,f
5658,1425,2367,47,SALE TANKER,1,3414,Gudupalli,2026-08-02,,9302.10,9567.2099,3.900,8.300,373.1212,794.0784,RMRD,"FC,BC",0.00,f
5659,1425,2367,47,SALE TANKER,2,3415,Kuppam BMCU,2026-08-02,,6192.20,6368.6777,3.900,8.300,248.3784,528.6002,RMRD,FC,0.00,f
5660,1426,2368,48,SALE TANKER,1,3104,Karapattu,2026-08-02,,14964.70,15391.1940,4.100,8.470,631.0390,1303.6341,RMRD,"FC,BC",0.00,f
5402,1353,2312,,SALE TANKER,1,3104,Karapattu,2026-08-02,,,,,,,,RMRD,,0.00,f
5431,1361,2317,1,TN28BF6792,1,3648,Mohamadabad/MB Cross,2026-08-03,,6021.00,6192.5985,4.100,8.100,253.8965,501.6005,RMRD,FC,0.00,f
5432,1361,2317,1,TN28BF6792,2,3646,Moram Pali,2026-08-03,,4202.00,4321.7570,4.100,8.100,177.1920,350.0623,RMRD,"FC,BC",0.00,f
5433,1361,2317,1,TN28BF6792,3,3653,Mamillapalli,2026-08-03,,8087.00,8317.4795,4.000,8.200,332.6992,682.0333,RMRD,BC,0.00,f
5434,1362,2318,2,AP39UN4344,1,3649,B.Pappuru,2026-08-03,,5764.00,5928.2740,4.100,8.350,243.0592,495.0109,RMRD,"FC,BC",0.00,f
5675,1431,2370,2,AP03TF2538,1,3004,Y S Gate,2026-08-03,,,,,,,,RMRD,,0.00,f
5676,1431,2370,2,AP03TF2538,2,3005,Komireddygari Palli,2026-08-03,,,,,,,,RMRD,,0.00,f
5435,1362,2318,2,AP39UN4344,2,3647,Ragavapalli,2026-08-03,,4005.00,4119.1425,4.200,8.120,173.0040,334.4744,RMRD,"FC,BC",0.00,f
5739,1362,2318,2,AP39UN4344,3,3649,B.Pappuru,2026-08-03,,1366.00,1404.9310,6.900,8.930,96.9402,125.4603,RMRD,FC,0.00,f
5436,1363,2319,3,TN86A9787,1,3613,P T M,2026-08-03,,2856.00,2937.3960,4.000,8.200,117.4958,240.8665,RMRD,BC,0.00,f
5437,1363,2319,3,TN86A9787,2,3610,B Kothakota,2026-08-03,,5898.00,6066.0930,4.000,8.200,242.6437,497.4196,RMRD,BC,0.00,f
5438,1363,2319,3,TN86A9787,3,3612,Poojavari Palli,2026-08-03,,1665.00,1712.4525,3.900,8.300,66.7856,142.1336,RMRD,FC,0.00,f
5439,1363,2319,3,TN86A9787,4,3609,Kurabala Kota,2026-08-03,,6848.00,7043.1680,3.800,8.030,267.6404,565.5664,RMRD,FC,0.00,f
5440,1363,2319,3,TN86A9787,5,3602,Tharigonda,2026-08-03,,2952.00,3036.1320,3.700,8.140,112.3369,247.1411,RMRD,"FC,BC",0.00,f
5441,1364,2320,4,AP31TF6368,1,3623,Yallam Palli,2026-08-03,,1857.00,1909.9245,3.800,8.030,72.5771,153.3669,RMRD,BC,0.00,f
5442,1364,2320,4,AP31TF6368,2,3637,Nimmanna Palli,2026-08-03,,4040.00,4155.1400,3.800,8.160,157.8953,339.0594,RMRD,FC,0.00,f
5443,1364,2320,4,AP31TF6368,3,3603,Vayalpadu,2026-08-03,,3146.00,3235.6610,4.000,8.200,129.4264,265.3242,RMRD,BC,0.00,f
5444,1364,2320,4,AP31TF6368,4,3607,Manchuru,2026-08-03,,2196.00,2258.5860,4.000,8.200,90.3434,185.2041,RMRD,"MC,BC",0.00,f
5445,1364,2320,4,AP31TF6368,5,3601,Chinthaparthi,2026-08-03,,4312.00,4434.8920,3.800,8.030,168.5259,356.1218,RMRD,"FC,BC",0.00,f
5446,1364,2320,4,AP31TF6368,6,3616,Kalikiri,2026-08-03,,6561.70,6748.7084,3.800,8.160,256.4509,550.6946,RMRD,MC,0.00,f
5447,1365,2321,5,AP03TF2538,1,3619,Garnimitta,2026-08-03,,2299.00,2364.5215,3.900,8.180,92.2163,193.4179,RMRD,BC,0.00,f
5448,1365,2321,5,AP03TF2538,2,3622,Gyarampalli,2026-08-03,,3218.00,3309.7130,4.000,8.200,132.3885,271.3965,RMRD,BC,0.00,f
5449,1365,2321,5,AP03TF2538,3,3617,Kalakada,2026-08-03,,3238.00,3330.2830,3.900,8.180,129.8810,272.4171,RMRD,BC,0.00,f
5450,1365,2321,5,AP03TF2538,4,3618,Gadi,2026-08-03,,3010.00,3095.7850,3.900,8.050,120.7356,249.2107,RMRD,FC,0.00,f
5451,1365,2321,5,AP03TF2538,5,3621,Regallu,2026-08-03,,2882.00,2964.1370,3.900,8.000,115.6013,237.1310,RMRD,"FC,BC",0.00,f
5452,1365,2321,5,AP03TF2538,6,3620,Piler,2026-08-03,,6091.00,6264.5935,3.800,8.160,238.0546,511.1908,RMRD,"FC,MC",0.00,f
5453,1366,2322,6,AP39WE8054,1,3628,Diguva Thotluvari Palli,2026-08-03,,3840.00,3949.4400,3.800,8.160,150.0787,322.2743,RMRD,BC,0.00,f
5454,1366,2322,6,AP39WE8054,2,3624,Thamballapalle,2026-08-03,,5215.00,5363.6275,4.000,8.130,214.5451,436.0629,RMRD,FC,0.00,f
5455,1366,2322,6,AP39WE8054,3,3627,Mudivedu,2026-08-03,,3877.00,3987.4945,3.700,8.140,147.5373,324.5821,RMRD,FC,0.00,f
5456,1366,2322,6,AP39WE8054,4,3625,Reddi Kota,2026-08-03,,3825.50,3934.5268,3.800,8.100,149.5120,318.6967,RMRD,"FC,BC",0.00,f
5457,1367,2323,7,AP07TJ2180,1,3207,Karvetinagaram,2026-08-03,,3207.00,3298.3995,4.000,8.200,131.9360,270.4688,RMRD,BC,0.00,f
5458,1367,2323,7,AP07TJ2180,2,3213,Narayanavanam,2026-08-03,,1975.00,2031.2875,4.100,8.090,83.2828,164.3312,RMRD,FC,0.00,f
5459,1367,2323,7,AP07TJ2180,3,3019,Pannuru,2026-08-03,,1864.00,1917.1240,3.900,8.080,74.7678,154.9036,RMRD,FC,0.00,f
5460,1367,2323,7,AP07TJ2180,4,3212,M.Kothuru,2026-08-03,,3815.00,3923.7275,4.000,8.100,156.9491,317.8219,RMRD,BC,0.00,f
5461,1367,2323,7,AP07TJ2180,5,3208,S R Puram,2026-08-03,,3232.00,3324.1120,3.900,8.180,129.6404,271.9124,RMRD,FC,0.00,f
5462,1367,2323,7,AP07TJ2180,6,3015,Pichatur,2026-08-03,,1874.00,1927.4090,4.200,8.240,80.9512,158.8185,RMRD,BC,0.00,f
5463,1368,2324,8,AP03TE9419,1,3219,Reddigunta,2026-08-03,,4917.00,5057.1345,4.000,8.200,202.2854,414.6850,RMRD,FC,0.00,f
5464,1368,2324,8,AP03TE9419,2,3215,Yadamari,2026-08-03,,8673.50,8920.6948,4.000,8.220,356.8278,733.2811,RMRD,"FC,MC,BC",0.00,f
5465,1368,2324,8,AP03TE9419,3,3439,KG Sathram,2026-08-03,,8153.00,8385.3605,4.000,8.200,335.4144,687.5996,RMRD,BC,0.00,f
5466,1369,2325,9,TN28AR1990,1,3409,Shanthi Puram,2026-08-03,,4881.30,5020.4171,3.900,8.180,195.7963,410.6701,RMRD,BC,0.00,f
5467,1369,2325,9,TN28AR1990,2,3407,V Kota,2026-08-03,,4470.00,4597.3950,4.000,8.200,183.8958,376.9864,RMRD,BC,0.00,f
5468,1369,2325,9,TN28AR1990,3,3402,Baireddipalle,2026-08-03,,4459.60,4586.6986,3.900,8.180,178.8812,375.1919,RMRD,FC,0.00,f
5469,1369,2325,9,TN28AR1990,4,3405,Pathikonda,2026-08-03,,4996.00,5138.3860,3.800,8.160,195.2587,419.2923,RMRD,BC,0.00,f
5470,1370,2326,10,AP07TN0549,1,3004,Y S Gate,2026-08-03,,3692.00,3797.2220,4.000,8.330,151.8889,316.3086,RMRD,BC,0.00,f
5471,1370,2326,10,AP07TN0549,2,3217,K Patnam,2026-08-03,,1358.00,1396.7030,4.200,8.370,58.6615,116.9040,RMRD,BC,0.00,f
5472,1370,2326,10,AP07TN0549,3,3425,Gajulapalli,2026-08-03,,2831.90,2912.6092,3.900,8.180,113.5918,238.2514,RMRD,BC,0.00,f
5473,1370,2326,10,AP07TN0549,4,3427,Perumala Palli,2026-08-03,,1236.00,1271.2260,4.200,8.370,53.3915,106.4016,RMRD,BC,0.00,f
5474,1370,2326,10,AP07TN0549,5,3430,Mogili,2026-08-03,,2891.00,2973.3935,3.900,8.180,115.9623,243.2236,RMRD,FC,0.00,f
5475,1370,2326,10,AP07TN0549,6,3429,G.K.Manchi,2026-08-03,,4016.00,4130.4560,4.000,8.330,165.2182,344.0670,RMRD,"FC,BC",0.00,f
5476,1370,2326,10,AP07TN0549,7,3023,Rangampeta Cross,2026-08-03,,2140.00,2200.9900,4.100,8.220,90.2406,180.9214,RMRD,FC,0.00,f
5477,1371,2327,11,AP03TA8424,1,3118,Gollamangalam,2026-08-03,,6689.00,6879.6365,4.300,8.390,295.8244,577.2015,RMRD,"FC,BC",0.00,f
5478,1371,2327,11,AP03TA8424,2,3432,Madetipalli,2026-08-03,,10263.00,10555.4955,3.900,8.180,411.6643,863.4395,RMRD,"FC,MC",0.00,f
5479,1371,2327,11,AP03TA8424,3,3221,Bomma Samudram,2026-08-03,,3277.00,3370.3945,4.000,8.200,134.8158,276.3723,RMRD,BC,0.00,f
5480,1372,2328,12,TN25BB1990,1,3701,Pellakuru,2026-08-03,,298.00,306.4930,4.400,8.400,13.4857,25.7454,RMRD,MC,0.00,f
5481,1372,2328,12,TN25BB1990,2,3014,Thottambedu,2026-08-03,,1686.00,1734.0510,4.500,8.310,78.0323,144.0996,RMRD,MC,0.00,f
5482,1372,2328,12,TN25BB1990,3,3013,B N Khandriga,2026-08-03,,2657.00,2732.7245,5.200,8.700,142.1017,237.7470,RMRD,"FC,MC",0.00,f
5483,1372,2328,12,TN25BB1990,4,3011,Varadaiahpalem,2026-08-03,,1204.00,1238.3140,6.100,8.760,75.5372,108.4763,RMRD,FC,0.00,f
5484,1372,2328,12,TN25BB1990,5,3018,Satyavedu,2026-08-03,,1969.00,2025.1165,4.700,8.470,95.1805,171.5274,RMRD,"FC,BC",0.00,f
5485,1372,2328,12,TN25BB1990,6,3016,Nagalapuram,2026-08-03,,1300.00,1337.0500,4.600,8.450,61.5043,112.9807,RMRD,FC,0.00,f
5486,1372,2328,12,TN25BB1990,7,3017,K V B Puram,2026-08-03,,2805.00,2884.9425,4.100,8.220,118.2826,237.1423,RMRD,BC,0.00,f
5743,1372,2328,12,TN25BB1990,8,3017,K V B Puram,2026-08-03,,385.00,395.9725,7.000,8.950,27.7181,35.4395,RMRD,FC,0.00,f
5744,1372,2328,12,TN25BB1990,9,3014,Thottambedu,2026-08-03,,338.80,348.4558,7.800,9.000,27.1796,31.3610,RMRD,MC,0.00,f
5745,1372,2328,12,TN25BB1990,10,3701,Pellakuru,2026-08-03,,786.00,808.4010,7.500,9.060,60.6301,73.2411,RMRD,MC,0.00,f
5487,1373,2329,13,AP03TE9599,1,3010,Yerpedu,2026-08-03,,234.00,240.6690,7.700,9.880,18.5315,23.7781,RMRD,BC,0.00,f
5488,1373,2329,13,AP03TE9599,2,3702,Venkatagiri,2026-08-03,,1152.00,1184.8320,7.500,8.680,88.8624,102.8434,RMRD,BC,0.00,f
5489,1373,2329,13,AP03TE9599,3,3704,Dakilli,2026-08-03,,855.30,879.6760,7.600,8.700,66.8554,76.5318,RMRD,FC,0.00,f
5490,1373,2329,13,AP03TE9599,4,3708,Pokurupalli,2026-08-03,,979.00,1006.9015,7.500,8.680,75.5176,87.3991,RMRD,FC,0.00,f
5740,1373,2329,13,AP03TE9599,5,3010,Yerpedu,2026-08-03,,3213.00,3304.5705,4.100,8.220,135.4874,271.6357,RMRD,MC,0.00,f
5491,1374,2330,14,TN24BD4749,1,3435,Settipalli,2026-08-03,,8111.50,8342.6777,4.000,8.200,333.7071,684.0996,Balance Milk,"FC,BC",0.00,f
5492,1374,2330,14,TN24BD4749,2,3418,Nadimur,2026-08-03,,2555.00,2627.8175,3.800,8.220,99.8571,216.0066,Balance Milk,BC,0.00,f
5493,1374,2330,14,TN24BD4749,3,3408,Ramakuppam BMCU,2026-08-03,,4892.00,5031.4220,3.900,8.180,196.2255,411.5703,RMRD,BC,0.00,f
5494,1374,2330,14,TN24BD4749,4,3413,Pedduru,2026-08-03,,4757.00,4892.5745,3.900,8.180,190.8104,400.2126,RMRD,FC,0.00,f
5495,1374,2330,14,TN24BD4749,5,3437,Kuppiganipalli,2026-08-03,,1000.10,1028.6029,3.800,8.160,39.0869,83.9340,RMRD,BC,0.00,f
5496,1374,2330,14,TN24BD4749,6,3418,Nadimur,2026-08-03,,3272.50,3365.7663,3.800,8.160,127.8991,274.6465,RMRD,BC,0.00,f
5497,1375,2331,15,AP03TE2079,1,3420,Chandramakula Palli,2026-08-03,,2436.00,2505.4260,3.700,8.140,92.7008,203.9417,RMRD,BC,0.00,f
5498,1375,2331,15,AP03TE2079,2,3644,Penchupadu,2026-08-03,,6069.00,6241.9665,4.000,8.260,249.6787,515.5864,RMRD,BC,0.00,f
5499,1375,2331,15,AP03TE2079,3,3442,Ramasamudhram CC,2026-08-03,,4183.00,4302.2155,3.900,8.180,167.7864,351.9212,RMRD,FC,0.00,f
5500,1375,2331,15,AP03TE2079,4,3419,Punganur,2026-08-03,,5451.00,5606.3535,3.650,8.130,204.6319,455.7965,RMRD,"FC,BC",0.00,f
5501,1375,2331,15,AP03TE2079,5,3404,Peddapanjani,2026-08-03,,2688.00,2764.6080,3.700,8.140,102.2905,225.0391,RMRD,FC,0.00,f
5502,1376,2332,16,AP03TC7799,1,3103,Konaluru,2026-08-03,,17164.00,17653.1740,4.200,8.490,741.4333,1498.7545,RMRD,"BC,FC",0.00,f
5503,1377,2333,17,TN52P3684,1,3117,Aavalurpet,2026-08-03,,7501.00,7714.7785,4.100,8.470,316.3059,653.4417,RMRD,BC,0.00,f
5504,1377,2333,17,TN52P3684,2,3105,Vanapuram,2026-08-03,,11617.00,11948.0845,4.100,8.470,489.8715,1012.0028,RMRD,"FC,BC",0.00,f
5505,1378,2334,18,TN28BA2919,1,3104,Karapattu,2026-08-03,,19705.00,20266.5925,4.100,8.470,830.9303,1716.5804,RMRD,"BC,FC",0.00,f
5506,1379,2335,19,TN863039,1,3109,Mandakolathur,2026-08-03,,16491.00,16960.9935,4.100,8.470,695.4007,1436.5961,RMRD,"FC,BC,MC",0.00,f
5507,1380,2336,20,TN24AR2944,1,3114,Rayakottai,2026-08-03,,3396.00,3492.7860,4.000,7.910,139.7114,276.2794,RMRD,BC,0.00,f
5508,1380,2336,20,TN24AR2944,2,3108,Sankaranarayanapuram(SN Puram),2026-08-03,,7847.00,8070.6395,3.700,7.710,298.6137,622.2463,RMRD,"FC,BC",0.00,f
5509,1380,2336,20,TN24AR2944,3,3113,CR Palyam,2026-08-03,,6740.00,6932.0900,3.900,7.890,270.3515,546.9419,RMRD,"FC,BC",0.00,f
5510,1381,2337,21,TN28BB2353,1,3110,Kankanur,2026-08-03,,11681.00,12013.9085,4.000,8.080,480.5563,970.7238,RMRD,"FC,BC",0.00,f
5511,1381,2337,21,TN28BB2353,2,3123,Alamelupuram,2026-08-03,,6373.80,6555.4533,4.100,8.090,268.7736,530.3362,RMRD,BC,0.00,f
5512,1382,2338,22,TN86B1591,1,3112,Harur,2026-08-03,,10296.90,10590.3616,4.100,8.090,434.2048,856.7603,RMRD,"FC,BC",0.00,f
5513,1382,2338,22,TN86B1591,2,3119,K Echambadi,2026-08-03,,8775.50,9025.6018,4.200,8.070,379.0753,728.3661,RMRD,"BC,FC",0.00,f
5514,1383,2339,23,AP04TW4458,1,3116,LN Puram,2026-08-03,,5724.00,5887.1340,4.200,8.450,247.2596,497.4628,RMRD,FC,0.00,f
5515,1383,2339,23,AP04TW4458,2,3107,Devanur,2026-08-03,,6855.00,7050.3675,4.000,8.570,282.0147,604.2165,RMRD,"FC,BC",0.00,f
5516,1383,2339,23,AP04TW4458,3,3106,Vandavasi,2026-08-03,,7413.30,7624.5791,4.100,8.050,312.6077,613.7786,RMRD,BC,0.00,f
5517,1384,2340,24,AP03TE5050,1,3631,Gorantla CC,2026-08-03,,15471.80,15912.7463,4.200,8.240,668.3353,1311.2103,RMRD,"FC,BC",0.00,f
5518,1384,2340,24,AP03TE5050,2,3634,Kotha Cheruvu CC,2026-08-03,,7644.00,7861.8540,4.300,8.390,338.0597,659.6096,RMRD,"FC,BC",0.00,f
5519,1385,2341,25,AP26TF3569,1,3652,Lepakshi CC,2026-08-03,,9382.00,9649.3870,4.100,8.220,395.6249,793.1796,RMRD,BC,0.00,f
5520,1385,2341,25,AP26TF3569,2,3645,Manesamudram,2026-08-03,,6409.90,6592.5821,4.000,8.200,263.7033,540.5917,RMRD,FC,0.00,f
5521,1385,2341,25,AP26TF3569,3,3654,Madakasira CC,2026-08-03,,13965.00,14363.0025,4.400,8.530,631.9721,1225.1641,RMRD,"FC,BC",0.00,f
5522,1386,2342,26,TN76AL9919,1,3642,Kokkanti Cross CC,2026-08-03,,7961.00,8187.8885,4.300,8.260,352.0792,676.3196,RMRD,BC,0.00,f
5523,1386,2342,26,TN76AL9919,2,3633,Nallamada CC,2026-08-03,,6870.00,7065.7950,4.200,8.240,296.7634,582.2215,RMRD,"FC,BC",0.00,f
5524,1386,2342,26,TN76AL9919,3,3655,Rallananthapur CC,2026-08-03,,4028.00,4142.7980,4.500,8.430,186.4259,349.2379,RMRD,FC,0.00,f
5525,1387,2343,27,AP39TD1229,1,3629,Kadiri Talapula CC,2026-08-03,,13128.00,13502.1480,4.100,8.220,553.5881,1109.8766,RMRD,BC,0.00,f
5526,1387,2343,27,AP39TD1229,2,3809,Diguva Kancharla Palli,2026-08-03,,4525.00,4653.9625,4.000,8.200,186.1585,381.6249,RMRD,BC,0.00,f
5527,1387,2343,27,AP39TD1229,3,3632,Gandlapenta CC,2026-08-03,,9087.00,9345.9795,4.100,8.220,383.1852,768.2395,RMRD,"FC,BC",0.00,f
5528,1388,2344,28,AP39UX5014,1,3641,Thurakapalli CC,2026-08-03,,12675.00,13036.2375,3.800,8.160,495.3770,1063.7570,RMRD,"FC,BC",0.00,f
5529,1388,2344,28,AP39UX5014,2,3651,CTM CC,2026-08-03,,13495.00,13879.6075,3.900,8.050,541.3047,1117.3084,RMRD,"FC,BC",0.00,f
5530,1389,2345,29,AP03TE5699,1,3416,7th Mile CC,2026-08-03,,24200.00,24889.7000,4.000,8.200,995.5880,2040.9554,RMRD,"BC,FC",0.00,f
5531,1390,2346,30,TG12T4949,1,3417,Avulanatham CC,2026-08-03,,27224.20,28000.0897,3.900,8.180,1092.0035,2290.4073,RMRD,"FC,BC",0.00,f
5679,1390,2346,30,TG12T4949,2,3416,7th Mile CC,2026-08-03,,1540.00,1583.8900,4.000,8.200,63.3556,129.8790,RMRD,BC,0.00,f
5532,1391,2347,31,RJ32GB7005,1,3446,Nulukunta Cross,2026-08-03,,11373.10,11697.2334,4.000,8.330,467.8893,974.3795,RMRD,"FC,BC",0.00,f
5533,1391,2347,31,RJ32GB7005,2,3438,Kuppam Rural CC,2026-08-03,,18522.10,19049.9799,3.800,8.160,723.8992,1554.4784,Balance Milk,"FC,BC",0.00,f
5534,1392,2348,32,AP39TF3392,1,3441,Ramakuppam CC,2026-08-03,,9305.00,9570.1925,4.000,8.200,382.8077,784.7558,RMRD,BC,0.00,f
5535,1392,2348,32,AP39TF3392,2,3436,VK Patrapalli CC,2026-08-03,,7327.00,7535.8195,4.000,8.200,301.4328,617.9372,RMRD,FC,0.00,f
5536,1392,2348,32,AP39TF3392,3,3440,Kondahalli CC,2026-08-03,,3357.00,3452.6745,4.000,8.200,138.1070,283.1193,RMRD,BC,0.00,f
5537,1392,2348,32,AP39TF3392,4,3434,N Vaddanahalli CC,2026-08-03,,5343.50,5495.7898,3.900,8.180,214.3358,449.5556,RMRD,FC,0.00,f
5538,1392,2348,32,AP39TF3392,5,3443,Lakkanapalli CC,2026-08-03,,4942.00,5082.8470,4.100,8.220,208.3967,417.8100,RMRD,"FC,BC",0.00,f
5539,1393,2349,33,AP02TC1483,1,3807,Lakkireddipalli,2026-08-03,,10135.40,10424.2589,4.000,8.200,416.9704,854.7892,RMRD,"MC,BC",0.00,f
5741,1393,2349,33,AP02TC1483,2,3807,Lakkireddipalli,2026-08-03,,1108.90,1140.5037,5.300,8.600,60.4467,98.0833,RMRD,FC,0.00,f
5540,1394,2350,34,AP07TF2421,1,3406,Palamaner CC,2026-08-03,,16525.00,16995.9625,4.000,8.200,679.8385,1393.6689,RMRD,"FC,BC",0.00,f
5541,1395,2351,35,AP03TE6599,1,3006,Polireddipalli,2026-08-03,,3205.00,3296.3425,4.000,8.320,131.8537,274.2557,RMRD,BC,0.00,f
5542,1395,2351,35,AP03TE6599,2,3002,Pakala,2026-08-03,,2850.00,2931.2250,4.100,8.350,120.1802,244.7573,RMRD,FC,0.00,f
5543,1395,2351,35,AP03TE6599,3,3005,Komireddygari Palli,2026-08-03,,6110.00,6284.1350,4.100,8.220,257.6495,516.5559,RMRD,MC,0.00,f
5544,1395,2351,35,AP03TE6599,4,3003,Damalacheruvu,2026-08-03,,3435.00,3532.8975,4.000,8.330,141.3159,294.2904,RMRD,BC,0.00,f
5545,1395,2351,35,AP03TE6599,5,3007,Polakala,2026-08-03,,2227.00,2290.4695,4.100,8.350,93.9092,191.2542,RMRD,FC,0.00,f
5546,1395,2351,35,AP03TE6599,6,3001,Penumuru,2026-08-03,,3358.90,3454.6287,4.100,8.360,141.6398,288.8070,RMRD,MC,0.00,f
5547,1396,2355,36,AP39TK3377,1,3227,Pincha,2026-08-03,,4261.00,4382.4385,3.600,7.990,157.7678,350.1568,RMRD,"FC,BC",0.00,f
5548,1396,2355,36,AP39TK3377,2,3201,Mellacheruv,2026-08-03,,6449.00,6632.7965,3.700,8.010,245.4135,531.2870,RMRD,"FC,BC",0.00,f
5549,1396,2355,36,AP39TK3377,3,3203,Talapula(Piler),2026-08-03,,5078.00,5222.7230,3.700,8.010,193.2408,418.3401,RMRD,FC,0.00,f
5550,1396,2355,36,AP39TK3377,4,3206,Bodevandlapalli,2026-08-03,,3925.00,4036.8625,3.700,8.010,149.3639,323.3527,RMRD,BC,0.00,f
5551,1396,2355,36,AP39TK3377,5,3204,Bakarapeta,2026-08-03,,,,,,,,RMRD,,0.00,t
5552,1397,2356,37,TN52Q9387,1,3224,Palasamudram,2026-08-03,,6031.00,6202.8835,4.100,8.220,254.3182,509.8770,RMRD,FC,0.00,f
5553,1397,2356,37,TN52Q9387,2,3223,Thugundram,2026-08-03,,4866.00,5004.6810,4.100,8.350,205.1919,417.8909,RMRD,"FC,BC",0.00,f
5554,1397,2356,37,TN52Q9387,3,3222,G D Nellore,2026-08-03,,7618.00,7835.1130,4.000,8.200,313.4045,642.4793,RMRD,BC,0.00,f
5555,1397,2356,37,TN52Q9387,4,3209,Kothapallimitta,2026-08-03,,3502.00,3601.8070,4.100,8.220,147.6741,296.0685,RMRD,,0.00,f
5556,1398,2361,38,TS07UL3304,1,3902,Kalwakurthy,2026-08-03,,5756.00,5920.0460,4.400,8.410,260.4820,497.8759,RMRD,"FC,BC",0.00,f
5559,1399,2357,38,TN34AC5878,1,3022,Vedurukuppam,2026-08-03,,3215.40,3307.0389,3.900,8.180,128.9745,270.5158,RMRD,FC,0.00,f
5560,1399,2357,38,TN34AC5878,2,3211,Kondakinda Pali,2026-08-03,,5179.00,5326.6015,4.000,8.200,213.0641,436.7813,RMRD,BC,0.00,f
5557,1398,2361,38,TS07UL3304,2,3903,Thalakondapalli,2026-08-03,,4071.00,4187.0235,4.400,8.280,184.2290,346.6855,RMRD,BC,0.00,f
5558,1398,2361,38,TS07UL3304,3,3904,Kandukuru,2026-08-03,,3196.00,3287.0860,4.300,8.390,141.3447,275.7865,RMRD,FC,0.00,f
5561,1400,2358,39,AP26TF4985,1,3205,C.G.Gallu,2026-08-03,,3257.00,3349.8245,3.900,8.180,130.6432,274.0156,RMRD,BC,0.00,f
5562,1400,2358,39,AP26TF4985,2,3202,Y V Pallm,2026-08-03,,8258.00,8493.3530,3.700,8.140,314.2541,691.3589,RMRD,FC,0.00,f
5563,1400,2358,39,AP26TF4985,3,3228,Udaymanikyam CC,2026-08-03,,8570.00,8814.2450,3.900,8.050,343.7556,709.5467,RMRD,"FC,BC",0.00,f
5726,1400,2358,39,AP26TF4985,4,3204,Bakarapeta,2026-08-03,,2093.00,2152.6505,3.800,8.160,81.8007,175.6563,RMRD,FC,0.00,f
5564,1401,2359,40,TN24BC6019,1,3414,Gudupalli,2026-08-03,,9387.00,9654.5295,3.900,8.300,376.5267,801.3259,RMRD,BC,0.00,f
5565,1401,2359,40,TN24BC6019,2,3415,Kuppam BMCU,2026-08-03,,8537.00,8780.3045,3.900,8.300,342.4319,728.7653,RMRD,"FC,BC",0.00,f
5566,1401,2359,40,TN24BC6019,3,3418,Nadimur,2026-08-03,,4470.80,4598.2178,3.800,8.160,174.7323,375.2146,RMRD,FC,0.00,f
5677,1432,2371,41,TN13H2455,1,3020,Putturu CC,2026-08-03,,14514.70,14928.3690,4.100,8.240,612.0631,1230.0976,RMRD,"FC,BC",0.00,f
5678,1432,2371,41,TN13H2455,2,3021,Chandragiri CC,2026-08-03,,5006.20,5148.8767,3.900,8.180,200.8062,421.1781,RMRD,FC,0.00,f
5742,1456,2373,42,TS08UF8732,1,3901,Gowraram ,2026-08-03,,2326.00,2392.2910,4.400,8.280,105.2608,198.0817,RMRD,BC,0.00,f
5414,1357,2353,,SALE TANKER,1,3104,Karapattu,2026-08-03,,,,,,,,RMRD,,0.00,f
5746,1457,2374,1,AP39TB8024,1,3648,Mohamadabad/MB Cross,2026-08-04,,5970.00,6140.1450,4.100,8.100,251.7459,497.3517,RMRD,BC,0.00,f
5747,1457,2374,1,AP39TB8024,2,3646,Moram Pali,2026-08-04,,4225.00,4345.4125,4.000,8.080,173.8165,351.1093,RMRD,FC,0.00,f
5748,1457,2374,1,AP39TB8024,3,3653,Mamillapalli,2026-08-04,,7517.80,7732.0573,4.100,8.220,317.0143,635.5751,RMRD,"FC,BC",0.00,f
5749,1458,2375,2,AP02TC1483,1,3649,B.Pappuru,2026-08-04,,5764.60,5928.8911,4.000,8.250,237.1556,489.1335,RMRD,"FC,MC,BC",0.00,f
5750,1458,2375,2,AP02TC1483,2,3647,Ragavapalli,2026-08-04,,3951.70,4064.3235,4.200,8.120,170.7016,330.0231,RMRD,FC,0.00,f
5891,1458,2375,2,AP02TC1483,3,3649,B.Pappuru,2026-08-04,,1287.70,1324.3995,7.450,8.900,98.6678,117.8716,RMRD,"FC,MC,BC",0.00,f
5751,1459,2376,3,TN34AH5181,1,3613,P T M,2026-08-04,,2842.00,2922.9970,4.000,8.200,116.9199,239.6858,RMRD,BC,0.00,f
5752,1459,2376,3,TN34AH5181,2,3610,B Kothakota,2026-08-04,,5766.00,5930.3310,4.000,8.200,237.2132,486.2871,RMRD,BC,0.00,f
5753,1459,2376,3,TN34AH5181,3,3612,Poojavari Palli,2026-08-04,,1672.00,1719.6520,3.900,8.300,67.0664,142.7311,RMRD,FC,0.00,f
5754,1459,2376,3,TN34AH5181,4,3609,Kurabala Kota,2026-08-04,,6860.00,7055.5100,3.800,8.030,268.1094,566.5575,RMRD,FC,0.00,f
5755,1459,2376,3,TN34AH5181,5,3602,Tharigonda,2026-08-04,,2937.00,3020.7045,3.700,8.140,111.7661,245.8853,RMRD,"FC,BC",0.00,f
5756,1460,2377,4,TN36AU2208,1,3619,Garnimitta,2026-08-04,,2277.00,2341.8945,3.900,8.180,91.3339,191.5670,RMRD,BC,0.00,f
5757,1460,2377,4,TN36AU2208,2,3622,Gyarampalli,2026-08-04,,3163.00,3253.1455,3.900,8.180,126.8727,266.1073,RMRD,BC,0.00,f
5758,1460,2377,4,TN36AU2208,3,3617,Kalakada,2026-08-04,,3171.00,3261.3735,3.900,8.180,127.1936,266.7804,RMRD,FC,0.00,f
5759,1460,2377,4,TN36AU2208,4,3618,Gadi,2026-08-04,,2963.00,3047.4455,3.800,8.030,115.8029,244.7099,RMRD,BC,0.00,f
5760,1460,2377,4,TN36AU2208,5,3621,Regallu,2026-08-04,,2410.90,2479.6107,3.900,8.050,96.7048,199.6087,RMRD,FC,0.00,f
5761,1460,2377,4,TN36AU2208,6,3620,Piler,2026-08-04,,6046.00,6218.3110,3.950,8.120,245.6233,504.9269,RMRD,"FC,BC",0.00,f
5762,1461,2378,5,AP26TF4985,1,3623,Yallam Palli,2026-08-04,,1899.00,1953.1215,3.800,8.030,74.2186,156.8357,RMRD,BC,0.00,f
5763,1461,2378,5,AP26TF4985,2,3637,Nimmanna Palli,2026-08-04,,3995.00,4108.8575,3.800,8.160,156.1366,335.2828,RMRD,BC,0.00,f
5764,1461,2378,5,AP26TF4985,3,3603,Vayalpadu,2026-08-04,,3169.00,3259.3165,4.000,8.200,130.3727,267.2640,RMRD,FC,0.00,f
5765,1461,2378,5,AP26TF4985,4,3601,Chinthaparthi,2026-08-04,,4142.00,4260.0470,3.800,8.030,161.8818,342.0818,RMRD,BC,0.00,f
5766,1461,2378,5,AP26TF4985,5,3607,Manchuru,2026-08-04,,2172.00,2233.9020,4.000,8.200,89.3561,183.1800,RMRD,"FC,BC",0.00,f
5767,1461,2378,5,AP26TF4985,6,3616,Kalikiri,2026-08-04,,6797.20,6990.9202,3.800,8.160,265.6550,570.4591,RMRD,FC,0.00,f
5768,1462,2379,6,AP39UN4344,1,3807,Lakkireddipalli,2026-08-04,,9906.00,10188.3210,3.920,8.070,399.3822,822.1975,RMRD,"FC,BC",0.00,f
5890,1462,2379,6,AP39UN4344,2,3807,Lakkireddipalli,2026-08-04,,1206.40,1240.7824,7.260,8.810,90.0808,109.3129,RMRD,"FC,BC",0.00,f
5769,1463,2380,7,AP07TF2421,1,3628,Diguva Thotluvari Palli,2026-08-04,,3860.00,3970.0100,3.800,8.160,150.8604,323.9528,RMRD,"FC,BC",0.00,f
5770,1463,2380,7,AP07TF2421,2,3624,Thamballapalle,2026-08-04,,5141.00,5287.5185,4.000,8.130,211.5007,429.8753,RMRD,BC,0.00,f
5771,1463,2380,7,AP07TF2421,3,3627,Mudivedu,2026-08-04,,3867.00,3977.2095,3.900,8.180,155.1112,325.3357,RMRD,FC,0.00,f
5772,1463,2380,7,AP07TF2421,4,3625,Reddi Kota,2026-08-04,,3766.00,3873.3310,3.800,8.030,147.1866,311.0285,RMRD,"FC,BC",0.00,f
5773,1464,2381,8,AP39UE0787,1,3404,Peddapanjani,2026-08-04,,3513.00,3613.1205,3.700,8.140,133.6855,294.1080,RMRD,"MC,BC",0.00,f
5774,1464,2381,8,AP39UE0787,2,3404,Peddapanjani,2026-08-04,,,,,,,,Balance Milk,,0.00,t
5775,1464,2381,8,AP39UE0787,3,3420,Chandramakula Palli,2026-08-04,,2396.00,2464.2860,3.700,8.140,91.1786,200.5929,RMRD,MC,0.00,f
5776,1464,2381,8,AP39UE0787,4,3644,Penchupadu,2026-08-04,,6138.00,6312.9330,4.000,8.260,252.5173,521.4483,RMRD,BC,0.00,f
5777,1464,2381,8,AP39UE0787,5,3442,Ramasamudhram CC,2026-08-04,,4090.00,4206.5650,3.800,8.160,159.8495,343.2557,RMRD,FC,0.00,f
5778,1464,2381,8,AP39UE0787,6,3419,Punganur,2026-08-04,,5389.00,5542.5865,3.700,8.140,205.0757,451.1665,RMRD,"FC,MC",0.00,f
5804,1470,2382,9,AP39WH0612,1,3435,Settipalli,2026-08-04,,7974.10,8201.3619,3.900,8.180,319.8531,670.8714,RMRD,MC,0.00,f
5805,1470,2382,9,AP39WH0612,2,3408,Ramakuppam BMCU,2026-08-04,,4872.00,5010.8520,3.900,8.180,195.4232,409.8877,RMRD,FC,0.00,f
5806,1470,2382,9,AP39WH0612,3,3413,Pedduru,2026-08-04,,4785.00,4921.3725,3.900,8.180,191.9335,402.5683,RMRD,"FC,MC",0.00,f
5807,1470,2382,9,AP39WH0612,4,3437,Kuppiganipalli,2026-08-04,,975.00,1002.7875,3.800,8.160,38.1059,81.8275,RMRD,MC,0.00,f
5808,1470,2382,9,AP39WH0612,5,3418,Nadimur,2026-08-04,,4056.50,4172.1103,3.800,8.160,158.5402,340.4442,RMRD,MC,0.00,f
5779,1465,2383,10,TN28AR1990,1,3118,Gollamangalam,2026-08-04,,6711.40,6902.6749,4.300,8.390,296.8150,579.1344,RMRD,"FC,BC",0.00,f
5780,1465,2383,10,TN28AR1990,2,3432,Madetipalli,2026-08-04,,10348.00,10642.9180,3.900,8.200,415.0738,872.7193,RMRD,"FC,BC",0.00,f
5781,1465,2383,10,TN28AR1990,3,3221,Bomma Samudram,2026-08-04,,4581.00,4711.5585,4.000,8.200,188.4623,386.3478,RMRD,FC,0.00,f
5809,1471,2384,11,TN86A9787,1,3004,Y S Gate,2026-08-04,,3680.00,3784.8800,4.000,8.330,151.3952,315.2805,RMRD,BC,0.00,f
5810,1471,2384,11,TN86A9787,2,3217,K Patnam,2026-08-04,,2640.00,2715.2400,4.100,8.330,111.3248,226.1795,RMRD,BC,0.00,f
5811,1471,2384,11,TN86A9787,3,3425,Gajulapalli,2026-08-04,,2811.10,2891.2163,3.900,8.180,112.7574,236.5015,RMRD,FC,0.00,f
5812,1471,2384,11,TN86A9787,4,3427,Perumala Palli,2026-08-04,,1206.00,1240.3710,4.200,8.370,52.0956,103.8191,RMRD,BC,0.00,f
5813,1471,2384,11,TN86A9787,5,3430,Mogili,2026-08-04,,2871.20,2953.0292,3.900,8.180,115.1681,241.5578,RMRD,"FC,BC",0.00,f
5814,1471,2384,11,TN86A9787,6,3429,G.K.Manchi,2026-08-04,,,,,,,,RMRD,,0.00,t
5878,1471,2384,11,TN86A9787,6,3439,KG Sathram,2026-08-04,,8044.00,8273.2540,4.000,8.200,330.9302,678.4068,RMRD,FC,0.00,f
5815,1471,2384,11,TN86A9787,7,3023,Rangampeta Cross,2026-08-04,,,,,,,,RMRD,,0.00,t
5816,1472,2386,12,TN28AQ5726,1,3224,Palasamudram,2026-08-04,,,,,,,,Balance Milk,,0.00,f
5817,1472,2386,12,TN28AQ5726,2,3224,Palasamudram,2026-08-04,,7866.00,8090.1810,4.100,8.220,331.6974,665.0129,RMRD,,0.00,f
5818,1472,2386,12,TN28AQ5726,3,3223,Thugundram,2026-08-04,,4856.00,4994.3960,4.100,8.350,204.7702,417.0321,RMRD,"FC,BC",0.00,f
5819,1472,2386,12,TN28AQ5726,4,3222,G D Nellore,2026-08-04,,7066.80,7268.2038,4.000,8.200,290.7282,595.9927,RMRD,BC,0.00,f
5820,1473,2385,13,AP03TE5888,1,3001,Penumuru,2026-08-04,,5578.20,5737.1787,4.100,8.340,235.2243,478.4807,Balance Milk,BC,0.00,f
5821,1473,2385,13,AP03TE5888,2,3001,Penumuru,2026-08-04,,,,,,,,RMRD,,0.00,f
5822,1473,2385,13,AP03TE5888,3,3003,Damalacheruvu,2026-08-04,,3278.00,3371.4230,4.000,8.330,134.8569,280.8395,RMRD,"FC,BC",0.00,f
5823,1473,2385,13,AP03TE5888,4,3005,Komireddygari Palli,2026-08-04,,5980.40,6150.8414,4.100,8.220,252.1845,505.5992,RMRD,FC,0.00,f
5824,1473,2385,13,AP03TE5888,5,3006,Polireddipalli,2026-08-04,,3224.00,3315.8840,4.000,8.320,132.6354,275.8815,RMRD,BC,0.00,f
5825,1473,2385,13,AP03TE5888,6,3002,Pakala,2026-08-04,,2833.00,2913.7405,4.100,8.350,119.4634,243.2973,RMRD,"FC,BC",0.00,f
5826,1473,2385,13,AP03TE5888,7,3007,Polakala,2026-08-04,,1305.30,1342.5010,4.100,8.350,55.0425,112.0988,RMRD,FC,0.00,f
5718,1449,2387,14,TN52P3684,1,3409,Shanthi Puram,2026-08-04,,4910.20,5050.1407,3.900,8.180,196.9555,413.1015,RMRD,BC,0.00,f
5719,1449,2387,14,TN52P3684,2,3407,V Kota,2026-08-04,,4496.00,4624.1360,4.000,8.200,184.9654,379.1792,RMRD,BC,0.00,f
5720,1449,2387,14,TN52P3684,3,3402,Baireddipalle,2026-08-04,,4470.00,4597.3950,3.900,8.180,179.2984,376.0669,RMRD,BC,0.00,f
5721,1449,2387,14,TN52P3684,4,3405,Pathikonda,2026-08-04,,4939.00,5079.7615,3.800,8.160,193.0309,414.5085,RMRD,FC,0.00,f
5827,1474,2388,15,AP07TJ2180,1,3701,Pellakuru,2026-08-04,,510.00,524.5350,4.100,8.340,21.5059,43.7462,RMRD,BC,0.00,f
5828,1474,2388,15,AP07TJ2180,2,3014,Thottambedu,2026-08-04,,327.00,336.3195,8.200,9.080,27.5782,30.5378,RMRD,FC,0.00,f
5829,1474,2388,15,AP07TJ2180,3,3013,B N Khandriga,2026-08-04,,2594.00,2667.9290,5.300,8.590,141.4002,229.1751,RMRD,FC,0.00,f
5830,1474,2388,15,AP07TJ2180,4,3011,Varadaiahpalem,2026-08-04,,1176.00,1209.5160,6.200,8.790,74.9900,106.3165,RMRD,FC,0.00,f
5831,1474,2388,15,AP07TJ2180,5,3018,Satyavedu,2026-08-04,,1815.30,1867.0361,5.100,8.430,95.2188,157.3911,RMRD,FC,0.00,f
5832,1474,2388,15,AP07TJ2180,6,3016,Nagalapuram,2026-08-04,,1285.20,1321.8282,4.700,8.470,62.1259,111.9588,RMRD,BC,0.00,f
5833,1474,2388,15,AP07TJ2180,7,3017,K V B Puram,2026-08-04,,377.00,387.7445,7.100,9.020,27.5299,34.9746,RMRD,FC,0.00,f
5880,1474,2388,15,AP07TJ2180,8,3017,K V B Puram,2026-08-04,,2775.00,2854.0875,4.200,8.240,119.8717,235.1768,RMRD,BC,0.00,f
5881,1474,2388,15,AP07TJ2180,9,3014,Thottambedu,2026-08-04,,1709.00,1757.7065,4.500,8.300,79.0968,145.8896,RMRD,BC,0.00,f
5882,1474,2388,15,AP07TJ2180,10,3701,Pellakuru,2026-08-04,,1146.00,1178.6610,7.200,8.990,84.8636,105.9616,RMRD,FC,0.00,f
5798,1469,2389,16,AP03TE9069,1,3010,Yerpedu,2026-08-04,,3087.00,3174.9795,4.100,8.340,130.1742,264.7933,RMRD,"FC,BC",0.00,f
5799,1469,2389,16,AP03TE9069,2,3702,Venkatagiri,2026-08-04,,1104.00,1135.4640,7.800,8.870,88.5662,100.7157,RMRD,BC,0.00,f
5800,1469,2389,16,AP03TE9069,3,3704,Dakilli,2026-08-04,,874.00,898.9090,7.800,8.740,70.1149,78.5646,RMRD,BC,0.00,f
5801,1469,2389,16,AP03TE9069,4,3708,Pokurupalli,2026-08-04,,998.00,1026.4430,7.500,8.810,76.9832,90.4296,RMRD,MC,0.00,f
5802,1469,2389,16,AP03TE9069,5,3202,Y V Pallm,2026-08-04,,,,,,,,RMRD,,0.00,t
5879,1469,2389,16,AP03TE9069,5,3010,Yerpedu,2026-08-04,,253.00,260.2105,7.400,9.160,19.2556,23.8353,RMRD,MC,0.00,f
5803,1469,2389,16,AP03TE9069,6,3228,Udaymanikyam CC,2026-08-04,,,,,,,,RMRD,,0.00,t
5782,1466,2393,17,TN52Q9387,1,3202,Y V Pallm,2026-08-04,,8236.20,8470.9317,3.700,8.140,313.4245,689.5338,RMRD,"FC,BC",0.00,f
5783,1466,2393,17,TN52Q9387,2,3228,Udaymanikyam CC,2026-08-04,,8380.00,8618.8300,3.800,8.030,327.5155,692.0920,RMRD,BC,0.00,f
5784,1466,2393,17,TN52Q9387,3,3021,Chandragiri CC,2026-08-04,,2841.40,2922.3799,3.800,8.150,111.0504,238.1740,RMRD,FC,0.00,f
5792,1468,2390,18,AP07TN0549,1,3207,Karvetinagaram,2026-08-04,,3169.00,3259.3165,4.000,8.200,130.3727,267.2640,RMRD,BC,0.00,f
5793,1468,2390,18,AP07TN0549,2,3213,Narayanavanam,2026-08-04,,2004.00,2061.1140,4.100,8.100,84.5057,166.9502,RMRD,"FC,BC",0.00,f
5794,1468,2390,18,AP07TN0549,3,3019,Pannuru,2026-08-04,,1878.00,1931.5230,3.900,8.080,75.3294,156.0671,RMRD,FC,0.00,f
5795,1468,2390,18,AP07TN0549,4,3212,M.Kothuru,2026-08-04,,3853.00,3962.8105,4.000,8.100,158.5124,320.9877,RMRD,BC,0.00,f
5796,1468,2390,18,AP07TN0549,5,3208,S R Puram,2026-08-04,,3238.00,3330.2830,3.900,8.180,129.8810,272.4171,RMRD,FC,0.00,f
5797,1468,2390,18,AP07TN0549,6,3015,Pichatur,2026-08-04,,1896.00,1950.0360,4.200,8.240,81.9015,160.6830,RMRD,BC,0.00,f
5834,1475,2391,19,AP03TE2079,1,3021,Chandragiri CC,2026-08-04,,5809.00,5974.5565,4.000,8.200,238.9823,489.9136,Balance Milk,BC,0.00,f
5835,1475,2391,19,AP03TE2079,2,3021,Chandragiri CC,2026-08-04,,,,,,,,RMRD,,0.00,f
5836,1475,2391,19,AP03TE2079,3,3022,Vedurukuppam,2026-08-04,,3241.00,3333.3685,3.900,8.180,130.0014,272.6695,RMRD,FC,0.00,f
5837,1475,2391,19,AP03TE2079,4,3211,Kondakinda Pali,2026-08-04,,5222.00,5370.8270,4.000,8.200,214.8331,440.4078,RMRD,"FC,BC",0.00,f
5838,1475,2391,19,AP03TE2079,5,3209,Kothapallimitta,2026-08-04,,3525.00,3625.4625,4.100,8.220,148.6440,298.0130,RMRD,FC,0.00,f
5785,1467,2392,20,AP03TF2538,1,3204,Bakarapeta,2026-08-04,,4777.00,4913.1445,3.900,8.180,191.6126,401.8952,Balance Milk,BC,0.00,f
5786,1467,2392,20,AP03TF2538,2,3204,Bakarapeta,2026-08-04,,,,,,,,RMRD,,0.00,f
5787,1467,2392,20,AP03TF2538,3,3227,Pincha,2026-08-04,,4153.20,4271.5662,3.600,7.990,153.7764,341.2981,RMRD,"FC,BC",0.00,f
5788,1467,2392,20,AP03TF2538,4,3201,Mellacheruv,2026-08-04,,2281.00,2346.0085,4.100,8.090,96.1863,189.7921,RMRD,"FC,BC",0.00,f
5789,1467,2392,20,AP03TF2538,5,3203,Talapula(Piler),2026-08-04,,1730.80,1780.1278,3.900,8.050,69.4250,143.3003,RMRD,FC,0.00,f
5790,1467,2392,20,AP03TF2538,6,3206,Bodevandlapalli,2026-08-04,,3995.00,4108.8575,3.700,8.010,152.0277,329.1195,RMRD,"FC,MC",0.00,f
5791,1467,2392,20,AP03TF2538,7,3205,C.G.Gallu,2026-08-04,,3232.00,3324.1120,3.900,8.180,129.6404,271.9124,RMRD,MC,0.00,f
5722,1450,2394,21,AP03TE6599,1,3219,Reddigunta,2026-08-03,,4815.00,4952.2275,4.000,8.200,198.0891,406.0827,Balance Milk,BC,0.00,f
5723,1450,2394,21,AP03TE6599,2,3219,Reddigunta,2026-08-03,,,,,,,,RMRD,,0.00,t
5724,1450,2394,21,AP03TE6599,3,3215,Yadamari,2026-08-03,,9364.00,9630.8740,4.000,8.320,385.2350,801.2887,RMRD,"FC,MC,BC",0.00,f
5725,1450,2394,21,AP03TE6599,4,3439,KG Sathram,2026-08-03,,,,,,,,RMRD,,0.00,t
5888,1450,2394,21,AP03TE6599,5,3429,G.K.Manchi,2026-08-03,,3936.00,4048.1760,4.000,8.330,161.9270,337.2131,RMRD,MC,0.00,f
5889,1450,2394,21,AP03TE6599,6,3023,Rangampeta Cross,2026-08-03,,2778.00,2857.1730,4.100,8.350,117.1441,238.5739,RMRD,MC,0.00,f
5867,1489,2395,22,TN28BZ3247,1,3103,Konaluru,2026-08-04,,17111.00,17598.6635,4.100,8.470,721.5452,1490.6068,RMRD,"FC,BC",0.00,f
5868,1490,2396,23,TN28BB2353,1,3117,Aavalurpet,2026-08-04,,7542.00,7756.9470,4.100,8.470,318.0348,657.0134,RMRD,BC,0.00,f
5869,1490,2396,23,TN28BB2353,2,3105,Vanapuram,2026-08-04,,11781.00,12116.7585,4.200,8.490,508.9039,1028.7128,RMRD,"FC,BC",0.00,f
5736,1455,2397,24,AP03TC7799,1,3114,Rayakottai,2026-08-04,,3347.00,3442.3895,4.000,7.910,137.6956,272.2930,RMRD,BC,0.00,f
5737,1455,2397,24,AP03TC7799,2,3108,Sankaranarayanapuram(SN Puram),2026-08-04,,7875.00,8099.4375,3.700,7.730,299.6792,626.0865,RMRD,"FC,BC",0.00,f
5738,1455,2397,24,AP03TC7799,3,3113,CR Palyam,2026-08-04,,6625.00,6813.8125,3.900,7.890,265.7387,537.6098,RMRD,"FC,BC",0.00,f
5730,1452,2398,25,TN28BA2919,1,3110,Kankanur,2026-08-04,,11651.00,11983.0535,4.000,8.080,479.3221,968.2307,RMRD,"FC,BC",0.00,f
5731,1452,2398,25,TN28BA2919,2,3123,Alamelupuram,2026-08-04,,6324.80,6505.0568,4.200,8.100,273.2124,526.9096,RMRD,FC,0.00,f
5732,1453,2399,26,TN863039,1,3112,Harur,2026-08-04,,10186.00,10476.3010,4.100,8.090,429.5283,847.5328,RMRD,"FC,MC",0.00,f
5733,1453,2399,26,TN863039,2,3119,K Echambadi,2026-08-04,,8754.50,9004.0033,4.200,8.070,378.1681,726.6231,RMRD,"BC,FC",0.00,f
5870,1491,2400,27,AP03TE9419,1,3116,LN Puram,2026-08-04,,5782.00,5946.7870,4.300,8.470,255.7118,503.6929,RMRD,FC,0.00,f
5871,1491,2400,27,AP03TE9419,2,3107,Devanur,2026-08-04,,7070.00,7271.4950,4.000,8.570,290.8598,623.1671,RMRD,BC,0.00,f
5872,1491,2400,27,AP03TE9419,3,3106,Vandavasi,2026-08-04,,7353.00,7562.5605,4.100,7.930,310.0650,599.7110,RMRD,"FC,MC,BC",0.00,f
5873,1492,2401,28,TN24AB6599,1,3101,Kumaravadi,2026-08-04,,5568.00,5726.6880,4.500,8.180,257.7010,468.4431,RMRD,BC,0.00,f
5874,1492,2401,28,TN24AB6599,2,3102,Thammanuru,2026-08-04,,6107.00,6281.0495,4.100,8.180,257.5230,513.7898,RMRD,FC,0.00,f
5883,1492,2401,28,TN24AB6599,3,3101,Kumaravadi,2026-08-04,,748.30,769.6266,7.000,8.830,53.8739,67.9580,RMRD,BC,0.00,f
5884,1492,2401,28,TN24AB6599,4,3102,Thammanuru,2026-08-04,,714.00,734.3490,7.400,8.960,54.3418,65.7977,RMRD,BC,0.00,f
5727,1451,2402,29,TS07UL3304,1,3902,Kalwakurthy,2026-08-04,,5750.00,5913.8750,4.500,8.430,266.1244,498.5397,RMRD,"FC,BC",0.00,f
5728,1451,2402,29,TS07UL3304,2,3903,Thalakondapalli,2026-08-04,,4094.00,4210.6790,4.300,8.260,181.0592,347.8021,RMRD,BC,0.00,f
5729,1451,2402,29,TS07UL3304,3,3904,Kandukuru,2026-08-04,,3170.00,3260.3450,4.300,8.510,140.1948,277.4554,RMRD,FC,0.00,f
5865,1488,2403,30,AP03TE5050,1,3631,Gorantla CC,2026-08-04,,15371.20,15809.2792,4.200,8.240,663.9897,1302.6846,RMRD,"FC,BC",0.00,f
5866,1488,2403,30,AP03TE5050,2,3634,Kotha Cheruvu CC,2026-08-04,,7626.10,7843.4439,4.300,8.390,337.2681,658.0649,RMRD,"FC,BC",0.00,f
5875,1493,2404,31,RJ32GB7005,1,3654,Madakasira CC,2026-08-04,,13902.00,14298.2070,4.400,8.410,629.1211,1202.4792,RMRD,"FC,BC",0.00,f
5876,1493,2404,31,RJ32GB7005,2,3645,Manesamudram,2026-08-04,,6401.80,6584.2513,4.000,8.200,263.3701,539.9086,RMRD,BC,0.00,f
5877,1493,2404,31,RJ32GB7005,3,3652,Lepakshi CC,2026-08-04,,9446.00,9715.2110,4.200,8.240,408.0389,800.5334,RMRD,"FC,BC",0.00,f
5862,1487,2405,32,AP03TE5533,1,3642,Kokkanti Cross CC,2026-08-04,,7918.00,8143.6630,4.300,8.260,350.1775,672.6666,RMRD,BC,0.00,f
5863,1487,2405,32,AP03TE5533,2,3633,Nallamada CC,2026-08-04,,6893.00,7089.4505,4.200,8.240,297.7569,584.1707,RMRD,FC,0.00,f
5864,1487,2405,32,AP03TE5533,3,3655,Rallananthapur CC,2026-08-04,,4071.00,4187.0235,4.500,8.430,188.4161,352.9661,RMRD,"FC,BC",0.00,f
5844,1478,2406,33,AP39WM0723,1,3629,Kadiri Talapula CC,2026-08-04,,13167.00,13542.2595,4.100,8.220,555.2326,1113.1737,RMRD,"FC,BC",0.00,f
5845,1478,2406,33,AP39WM0723,2,3809,Diguva Kancharla Palli,2026-08-04,,4494.00,4622.0790,3.900,8.180,180.2611,378.0861,RMRD,FC,0.00,f
5846,1478,2406,33,AP39WM0723,3,3632,Gandlapenta CC,2026-08-04,,8948.00,9203.0180,4.100,8.220,377.3237,756.4881,RMRD,"FC,BC",0.00,f
5839,1476,2407,34,TN30CL2599,1,3641,Thurakapalli CC,2026-08-04,,12185.00,12532.2725,3.800,8.160,476.2264,1022.6334,RMRD,"FC,BC",0.00,f
5840,1476,2407,34,TN30CL2599,2,3651,CTM CC,2026-08-04,,13416.80,13799.1788,3.900,8.050,538.1680,1110.8339,RMRD,"FC,BC",0.00,f
5847,1479,2408,35,AP39WB9499,1,3416,7th Mile CC,2026-08-04,,23339.30,24004.4701,3.900,8.180,936.1743,1963.5657,RMRD,"FC,BC",0.00,f
5734,1454,2409,36,TN24AR2944,1,3417,Avulanatham CC,2026-08-04,,19765.50,20328.8167,4.000,8.450,813.1527,1717.7850,Balance Milk,"FC,BC",0.00,f
5735,1454,2409,36,TN24AR2944,2,3417,Avulanatham CC,2026-08-04,,,,,,,,RMRD,,0.00,t
5841,1477,2410,37,TN86B1591,1,3441,Ramakuppam CC,2026-08-04,,9259.00,9522.8815,4.000,8.200,380.9153,780.8763,RMRD,BC,0.00,f
5842,1477,2410,37,TN86B1591,2,3436,VK Patrapalli CC,2026-08-04,,7259.00,7465.8815,4.000,8.200,298.6353,612.2023,RMRD,FC,0.00,f
5843,1477,2410,37,TN86B1591,3,3440,Kondahalli CC,2026-08-04,,3382.00,3478.3870,4.000,8.200,139.1355,285.2277,RMRD,"FC,BC",0.00,f
5856,1484,2411,38,TG12T4949,1,3434,N Vaddanahalli CC,2026-08-04,,5312.00,5463.3920,3.900,8.300,213.0723,453.4615,RMRD,BC,0.00,f
5857,1484,2411,38,TG12T4949,2,3443,Lakkanapalli CC,2026-08-04,,5132.00,5278.2620,4.000,8.200,211.1305,432.8175,RMRD,FC,0.00,f
5858,1484,2411,38,TG12T4949,3,3406,Palamaner CC,2026-08-04,,16460.60,16929.7271,4.000,8.200,677.1891,1388.2376,RMRD,"FC,BC",0.00,f
5717,1448,2412,39,AP39WE8054,1,3020,Putturu CC,2026-08-04,,14418.40,14829.3244,3.900,8.300,578.3437,1230.8339,RMRD,"FC,BC",0.00,f
5853,1483,2413,40,TN24BC6019,1,3415,Kuppam BMCU,2026-08-04,,8398.10,8637.4459,3.900,8.300,336.8604,716.9080,RMRD,FC,0.00,f
5854,1483,2413,40,TN24BC6019,2,3414,Gudupalli,2026-08-04,,9340.00,9606.1900,3.900,8.300,374.6414,797.3138,RMRD,"FC,BC",0.00,f
5855,1483,2413,40,TN24BC6019,3,3418,Nadimur,2026-08-04,,3767.20,3874.5652,3.800,8.220,147.2335,318.4893,RMRD,BC,0.00,f
5850,1481,2414,41,TA10UB8643,1,3901,Gowraram ,2026-08-04,,2203.00,2265.7855,4.600,8.330,104.2261,188.7399,RMRD,BC,0.00,f
5851,1482,2415,42,SALE TANKER,1,3104,Karapattu,2026-08-04,,4593.00,4723.9005,4.000,8.450,188.9560,399.1696,RMRD,,0.00,f
5852,1482,2415,42,SALE TANKER,2,3109,Mandakolathur,2026-08-04,,10410.00,10706.6850,4.100,8.470,438.9741,906.8562,RMRD,,0.00,f
5859,1485,2416,43,SALE TANKER,1,3109,Mandakolathur,2026-08-04,,6177.20,6353.2502,4.000,8.450,254.1300,536.8496,Balance Milk,"FC,BC",0.00,f
5892,1495,2460,43,SALE TANKER,1,3109,Mandakolathur,2026-08-04,,6177.20,6353.2502,4.000,8.450,254.1300,536.8496,RMRD,"FC,BC",0.00,f
5860,1485,2416,43,SALE TANKER,2,3104,Karapattu,2026-08-04,,8773.00,9023.0305,4.000,8.450,360.9212,762.4461,RMRD,"FC,BC",0.00,f
5893,1495,2460,43,SALE TANKER,2,3104,Karapattu,2026-08-04,,8773.00,9023.0305,4.000,8.450,360.9212,762.4461,RMRD,"FC,BC",0.00,f
5861,1486,2417,44,SALE TANKER,1,3438,Kuppam Rural CC,2026-08-04,,15039.90,15468.5371,3.900,8.180,603.2729,1265.3263,RMRD,"FC,BC",0.00,f
5848,1480,2418,45,SALE TANKER,1,3446,Nulukunta Cross,2026-08-04,,7408.10,7619.2309,4.000,8.330,304.7692,634.6819,RMRD,"BC,FC",0.00,f
5849,1480,2418,45,SALE TANKER,2,3417,Avulanatham CC,2026-08-04,,7265.40,7472.4639,4.000,8.450,298.8986,631.4232,RMRD,"FC,BC",0.00,f
5903,1501,2419,1,TN76AL9919,1,3653,Mamillapalli,2026-08-05,,8713.00,8961.3205,4.100,8.220,367.4141,736.6205,RMRD,BC,0.00,f
5904,1501,2419,1,TN76AL9919,2,3646,Moram Pali,2026-08-05,,4190.00,4309.4150,4.000,8.080,172.3766,348.2007,RMRD,"FC,BC",0.00,f
5905,1501,2419,1,TN76AL9919,3,3648,Mohamadabad/MB Cross,2026-08-05,,6035.00,6206.9975,4.100,8.080,254.4869,501.5254,RMRD,"FC,BC",0.00,f
5906,1502,2420,2,AP39UN4344,1,3649,B.Pappuru,2026-08-05,,5771.70,5936.1935,4.200,8.240,249.3201,489.1423,RMRD,BC,0.00,f
5907,1502,2420,2,AP39UN4344,2,3649,B.Pappuru,2026-08-05,,,,,,,,RMRD,,0.00,t
6059,1502,2420,2,AP39UN4344,3,3649,B.Pappuru,2026-08-05,,1341.20,1379.4242,6.900,8.930,95.1803,123.1826,RMRD,FC,0.00,f
5908,1503,2421,3,TN24BD4749,1,3613,P T M,2026-08-05,,2825.00,2905.5125,4.000,8.200,116.2205,238.2520,RMRD,BC,0.00,f
5909,1503,2421,3,TN24BD4749,2,3610,B Kothakota,2026-08-05,,5755.00,5919.0175,4.000,8.200,236.7607,485.3594,RMRD,BC,0.00,f
5910,1503,2421,3,TN24BD4749,3,3612,Poojavari Palli,2026-08-05,,1647.20,1694.1452,3.900,8.300,66.0717,140.6141,RMRD,FC,0.00,f
5911,1503,2421,3,TN24BD4749,4,3609,Kurabala Kota,2026-08-05,,6757.00,6949.5745,3.800,8.030,264.0838,558.0508,RMRD,FC,0.00,f
5912,1503,2421,3,TN24BD4749,5,3602,Tharigonda,2026-08-05,,2945.00,3028.9325,3.700,8.140,112.0705,246.5551,RMRD,"FC,BC",0.00,f
5913,1503,2421,3,TN24BD4749,6,3603,Vayalpadu,2026-08-05,,3148.00,3237.7180,4.000,8.200,129.5087,265.4929,RMRD,BC,0.00,f
5914,1504,2422,4,AP39TK3377,1,3623,Yallam Palli,2026-08-05,,1939.00,1994.2615,3.800,8.030,75.7819,160.1392,RMRD,BC,0.00,f
5915,1504,2422,4,AP39TK3377,2,3637,Nimmanna Palli,2026-08-05,,4048.00,4163.3680,3.800,8.160,158.2080,339.7308,RMRD,BC,0.00,f
5916,1504,2422,4,AP39TK3377,3,3601,Chinthaparthi,2026-08-05,,4240.00,4360.8400,3.800,8.030,165.7119,350.1755,RMRD,BC,0.00,f
5917,1504,2422,4,AP39TK3377,4,3607,Manchuru,2026-08-05,,2196.00,2258.5860,4.000,8.200,90.3434,185.2041,RMRD,"FC,BC",0.00,f
5918,1504,2422,4,AP39TK3377,5,3616,Kalikiri,2026-08-05,,6887.50,7083.7938,3.800,8.160,269.1842,578.0376,RMRD,FC,0.00,f
5919,1505,2423,5,AP31TF6368,1,3621,Regallu,2026-08-05,,3268.00,3361.1380,3.900,8.050,131.0844,270.5716,RMRD,BC,0.00,f
5920,1505,2423,5,AP31TF6368,2,3618,Gadi,2026-08-05,,2964.00,3048.4740,3.900,8.050,118.8905,245.4022,RMRD,BC,0.00,f
5921,1505,2423,5,AP31TF6368,3,3617,Kalakada,2026-08-05,,3179.00,3269.6015,3.900,8.180,127.5145,267.4534,RMRD,FC,0.00,f
5922,1505,2423,5,AP31TF6368,4,3619,Garnimitta,2026-08-05,,2277.00,2341.8945,3.900,8.180,91.3339,191.5670,RMRD,"FC,MC,BC",0.00,f
5923,1505,2423,5,AP31TF6368,5,3622,Gyarampalli,2026-08-05,,3150.00,3239.7750,3.900,8.180,126.3512,265.0136,RMRD,FC,0.00,f
5924,1505,2423,5,AP31TF6368,6,3620,Piler,2026-08-05,,5963.00,6132.9455,3.950,8.120,242.2513,497.9952,RMRD,MC,0.00,f
5925,1506,2424,6,AP39WE8054,1,3628,Diguva Thotluvari Palli,2026-08-05,,3870.00,3980.2950,3.800,8.160,151.2512,324.7921,RMRD,BC,0.00,f
5926,1506,2424,6,AP39WE8054,2,3624,Thamballapalle,2026-08-05,,5139.00,5285.4615,4.000,8.130,211.4185,429.7080,RMRD,FC,0.00,f
5927,1506,2424,6,AP39WE8054,3,3627,Mudivedu,2026-08-05,,3866.00,3976.1810,3.900,8.180,155.0711,325.2516,RMRD,FC,0.00,f
5928,1506,2424,6,AP39WE8054,4,3625,Reddi Kota,2026-08-05,,3796.00,3904.1860,3.800,8.030,148.3591,313.5061,RMRD,"FC,BC",0.00,f
5929,1507,2425,7,TN28BF6792,1,3204,Bakarapeta,2026-08-05,,3469.00,3567.8665,3.900,8.180,139.1468,291.8515,RMRD,BC,0.00,f
5930,1507,2425,7,TN28BF6792,2,3227,Pincha,2026-08-05,,4135.80,4253.6703,3.800,8.010,161.6395,340.7190,RMRD,"FC,BC",0.00,f
5931,1507,2425,7,TN28BF6792,3,3201,Mellacheruv,2026-08-05,,4330.00,4453.4050,3.800,8.030,169.2294,357.6084,RMRD,FC,0.00,f
5932,1507,2425,7,TN28BF6792,4,3203,Talapula(Piler),2026-08-05,,3327.00,3421.8195,3.800,8.010,130.0291,274.0877,RMRD,BC,0.00,f
5933,1507,2425,7,TN28BF6792,5,3206,Bodevandlapalli,2026-08-05,,3760.00,3867.1600,3.700,8.010,143.0849,309.7595,RMRD,"FC,BC",0.00,f
5934,1508,2426,8,AP39WB9499,1,3023,Rangampeta Cross,2026-08-05,,5471.00,5626.9235,4.100,8.350,230.7039,469.8481,RMRD,"FC,BC",0.00,f
5935,1508,2426,8,AP39WB9499,2,3219,Reddigunta,2026-08-05,,4849.00,4987.1965,4.000,8.200,199.4879,408.9501,RMRD,BC,0.00,f
5936,1508,2426,8,AP39WB9499,3,3215,Yadamari,2026-08-05,,8892.00,9145.4220,4.000,8.320,365.8169,760.8991,RMRD,BC,0.00,f
5937,1508,2426,8,AP39WB9499,4,3429,G.K.Manchi,2026-08-05,,3976.00,4089.3160,4.000,8.330,163.5726,340.6400,RMRD,BC,0.00,f
5941,1510,2427,9,TN28BA2919,1,3409,Shanthi Puram,2026-08-05,,5019.70,5162.7615,3.900,8.180,201.3477,422.3139,RMRD,BC,0.00,f
5942,1510,2427,9,TN28BA2919,2,3407,V Kota,2026-08-05,,4555.00,4684.8175,4.000,8.200,187.3927,384.1550,RMRD,FC,0.00,f
5943,1510,2427,9,TN28BA2919,3,3402,Baireddipalle,2026-08-05,,4481.00,4608.7085,3.900,8.180,179.7396,376.9924,RMRD,BC,0.00,f
5944,1510,2427,9,TN28BA2919,4,3405,Pathikonda,2026-08-05,,4993.00,5135.3005,3.800,8.160,195.1414,419.0405,RMRD,"FC,BC",0.00,f
5945,1511,2428,10,AP03TE5888,1,3004,Y S Gate,2026-08-05,,3680.40,3785.2914,4.000,8.330,151.4117,315.3148,RMRD,FC,0.00,f
5946,1511,2428,10,AP03TE5888,2,3217,K Patnam,2026-08-05,,2668.00,2744.0380,4.108,8.330,112.7251,228.5784,RMRD,BC,0.00,f
5947,1511,2428,10,AP03TE5888,3,3425,Gajulapalli,2026-08-05,,2850.00,2931.2250,3.800,8.160,111.3865,239.1880,RMRD,FC,0.00,f
5948,1511,2428,10,AP03TE5888,4,3427,Perumala Palli,2026-08-05,,1209.00,1243.4565,4.300,8.390,53.4686,104.3260,RMRD,BC,0.00,f
5949,1511,2428,10,AP03TE5888,5,3430,Mogili,2026-08-05,,2881.00,2963.1085,3.900,8.180,115.5612,242.3823,RMRD,BC,0.00,f
5950,1511,2428,10,AP03TE5888,6,3439,KG Sathram,2026-08-05,,8007.00,8235.1995,4.000,8.200,329.4080,675.2864,RMRD,"FC,BC",0.00,f
5938,1509,2429,11,AP39WE4161,1,3221,Bomma Samudram,2026-08-05,,3231.00,3323.0835,4.000,8.200,132.9233,272.4928,RMRD,BC,0.00,f
5939,1509,2429,11,AP39WE4161,2,3432,Madetipalli,2026-08-05,,10517.00,10816.7345,3.900,8.180,421.8526,884.8089,RMRD,"FC,BC",0.00,f
5940,1509,2429,11,AP39WE4161,3,3118,Gollamangalam,2026-08-05,,6619.00,6807.6415,4.300,8.390,292.7286,571.1611,RMRD,FC,0.00,f
6040,1509,2429,11,AP39WE4161,4,3023,Rangampeta Cross,2026-08-05,,299.00,307.5215,4.100,8.350,12.6084,25.6780,RMRD,FC,0.00,f
5951,1512,2430,12,AP07TN0549,1,3006,Polireddipalli,2026-08-05,,3256.00,3348.7960,4.000,8.320,133.9518,278.6198,RMRD,BC,0.00,f
5952,1512,2430,12,AP07TN0549,2,3007,Polakala,2026-08-05,,3059.00,3146.1815,4.000,8.320,125.8473,261.7623,RMRD,FC,0.00,f
5953,1512,2430,12,AP07TN0549,3,3003,Damalacheruvu,2026-08-05,,3240.00,3332.3400,4.000,8.330,133.2936,277.5839,RMRD,"FC,BC",0.00,f
5954,1512,2430,12,AP07TN0549,4,3005,Komireddygari Palli,2026-08-05,,5952.00,6121.6320,4.100,8.220,250.9869,503.1982,RMRD,BC,0.00,f
5955,1512,2430,12,AP07TN0549,5,3002,Pakala,2026-08-05,,2768.00,2846.8880,4.100,8.350,116.7224,237.7151,RMRD,FC,0.00,f
6041,1512,2430,12,AP07TN0549,6,3002,Pakala,2026-08-05,,1401.00,1440.9285,3.900,8.300,56.1962,119.5971,RMRD,"FC,BC",0.00,f
5956,1513,2431,13,TN25BB1990,1,3701,Pellakuru,2026-08-05,,536.00,551.2760,4.200,8.340,23.1536,45.9764,RMRD,MC,0.00,f
5957,1513,2431,13,TN25BB1990,2,3014,Thottambedu,2026-08-05,,1732.00,1781.3620,4.500,8.300,80.1613,147.8530,RMRD,"MC,BC",0.00,f
5958,1513,2431,13,TN25BB1990,3,3013,B N Khandriga,2026-08-05,,2623.00,2697.7555,5.200,8.570,140.2833,231.1976,RMRD,"FC,MC",0.00,f
5959,1513,2431,13,TN25BB1990,4,3011,Varadaiahpalem,2026-08-05,,1169.00,1202.3165,6.100,8.760,73.3413,105.3229,RMRD,FC,0.00,f
5960,1513,2431,13,TN25BB1990,5,3018,Satyavedu,2026-08-05,,1940.30,1995.5986,5.000,8.410,99.7799,167.8298,RMRD,FC,0.00,f
5961,1513,2431,13,TN25BB1990,6,3016,Nagalapuram,2026-08-05,,1268.00,1304.1380,4.700,8.340,61.2945,108.7651,RMRD,BC,0.00,f
5962,1513,2431,13,TN25BB1990,7,3017,K V B Puram,2026-08-05,,2840.00,2920.9400,4.200,8.240,122.6795,240.6855,RMRD,BC,0.00,f
6042,1513,2431,13,TN25BB1990,8,3017,K V B Puram,2026-08-05,,378.00,388.7730,7.100,8.970,27.6029,34.8729,RMRD,FC,0.00,f
6043,1513,2431,13,TN25BB1990,9,3014,Thottambedu,2026-08-05,,341.70,351.4385,8.000,9.040,28.1151,31.7700,RMRD,MC,0.00,f
6044,1513,2431,13,TN25BB1990,10,3701,Pellakuru,2026-08-05,,1164.00,1197.1740,7.200,8.990,86.1965,107.6259,RMRD,MC,0.00,f
5963,1514,2432,14,TN34AC5878,1,3010,Yerpedu,2026-08-05,,242.00,248.8970,7.600,9.080,18.9162,22.5998,RMRD,BC,0.00,f
5964,1514,2432,14,TN34AC5878,2,3702,Venkatagiri,2026-08-05,,1146.00,1178.6610,7.800,8.990,91.9356,105.9616,RMRD,BC,0.00,f
5965,1514,2432,14,TN34AC5878,3,3704,Dakilli,2026-08-05,,864.00,888.6240,7.800,8.870,69.3127,78.8209,RMRD,BC,0.00,f
5966,1514,2432,14,TN34AC5878,4,3708,Pokurupalli,2026-08-05,,1029.00,1058.3265,7.500,8.810,79.3745,93.2386,RMRD,BC,0.00,f
6039,1514,2432,14,TN34AC5878,5,3010,Yerpedu,2026-08-05,,3328.00,3422.8480,4.000,8.320,136.9139,284.7810,RMRD,FC,0.00,f
5967,1515,2434,15,AP26TF4985,1,3404,Peddapanjani,2026-08-05,,2704.00,2781.0640,3.700,8.140,102.8994,226.3786,RMRD,FC,0.00,f
5968,1515,2434,15,AP26TF4985,2,3420,Chandramakula Palli,2026-08-05,,2421.00,2489.9985,3.700,8.140,92.1299,202.6859,RMRD,BC,0.00,f
5969,1515,2434,15,AP26TF4985,3,3644,Penchupadu,2026-08-05,,6112.00,6286.1920,4.000,8.260,251.4477,519.2395,RMRD,BC,0.00,f
5970,1515,2434,15,AP26TF4985,4,3442,Ramasamudhram CC,2026-08-05,,4069.00,4184.9665,3.900,8.180,163.2137,342.3303,RMRD,FC,0.00,f
5971,1515,2434,15,AP26TF4985,5,3419,Punganur,2026-08-05,,5354.00,5506.5890,3.700,8.140,203.7438,448.2363,RMRD,"FC,BC",0.00,f
5972,1516,2433,16,AP03TA8424,1,3435,Settipalli,2026-08-05,,7986.00,8213.6010,4.000,8.200,328.5440,673.5153,RMRD,MC,0.00,f
5973,1516,2433,16,AP03TA8424,2,3408,Ramakuppam BMCU,2026-08-05,,5380.00,5533.3300,3.800,8.160,210.2665,451.5197,RMRD,FC,0.00,f
5974,1516,2433,16,AP03TA8424,3,3413,Pedduru,2026-08-05,,4694.00,4827.7790,3.900,8.180,188.2834,394.9123,RMRD,BC,0.00,f
5975,1516,2433,16,AP03TA8424,4,3437,Kuppiganipalli,2026-08-05,,994.00,1022.3290,3.800,8.160,38.8485,83.4220,RMRD,BC,0.00,f
5976,1516,2433,16,AP03TA8424,5,3418,Nadimur,2026-08-05,,3903.70,4014.9554,3.800,8.160,152.5683,327.6204,RMRD,"FC,BC",0.00,f
5977,1517,2435,17,AP03TC7799,1,3103,Konaluru,2026-08-05,,17771.00,18277.4735,4.200,8.490,767.6539,1551.7575,RMRD,"FC,BC",0.00,f
5978,1518,2436,18,TN24AR2944,1,3117,Aavalurpet,2026-08-05,,7624.00,7841.2840,4.100,8.470,321.4926,664.1568,RMRD,BC,0.00,f
5979,1518,2436,18,TN24AR2944,2,3105,Vanapuram,2026-08-05,,12035.00,12377.9975,4.100,8.470,507.4979,1048.4164,RMRD,"FC,BC",0.00,f
5980,1519,2437,19,TN863039,1,3104,Karapattu,2026-08-05,,11306.00,11628.2210,4.100,8.470,476.7571,984.9103,RMRD,"FC,BC",0.00,f
5981,1519,2437,19,TN863039,2,3109,Mandakolathur,2026-08-05,,9340.00,9606.1900,4.200,8.490,403.4600,815.5655,RMRD,"MC,FC",0.00,f
5982,1520,2438,20,TN28BB2353,1,3110,Kankanur,2026-08-05,,11829.00,12166.1265,4.000,8.080,486.6451,983.0230,RMRD,"FC,BC",0.00,f
5983,1520,2438,20,TN28BB2353,2,3123,Alamelupuram,2026-08-05,,6346.10,6526.9639,4.200,8.100,274.1325,528.6841,RMRD,FC,0.00,f
5984,1521,2439,21,TN52P3684,1,3112,Harur,2026-08-05,,10293.00,10586.3505,4.100,8.090,434.0404,856.4358,RMRD,"FC,BC",0.00,f
5985,1521,2439,21,TN52P3684,2,3119,K Echambadi,2026-08-05,,8850.00,9102.2250,4.200,8.070,382.2935,734.5496,RMRD,BC,0.00,f
5986,1522,2440,22,TN86A9787,1,3116,LN Puram,2026-08-05,,5755.00,5919.0175,4.300,8.470,254.5178,501.3408,RMRD,"FC,BC",0.00,f
5987,1522,2440,22,TN86A9787,2,3107,Devanur,2026-08-05,,7017.00,7216.9845,4.100,8.590,295.8964,619.9390,RMRD,FC,0.00,f
5988,1522,2440,22,TN86A9787,3,3106,Vandavasi,2026-08-05,,7469.00,7681.8665,4.100,8.350,314.9565,641.4359,RMRD,BC,0.00,f
5990,1524,2441,23,AP03TE9069,1,3101,Kumaravadi,2026-08-05,,3786.00,3893.9010,4.400,8.150,171.3316,317.3529,RMRD,"FC,MC",0.00,f
5991,1524,2441,23,AP03TE9069,2,3102,Thammanuru,2026-08-05,,4203.00,4322.7855,4.100,8.220,177.2342,355.3330,RMRD,"MC,BC",0.00,f
6045,1524,2441,23,AP03TE9069,3,3102,Thammanuru,2026-08-05,,405.50,417.0567,7.300,9.010,30.4451,37.5768,RMRD,MC,0.00,f
6046,1524,2441,23,AP03TE9069,4,3101,Kumaravadi,2026-08-05,,447.00,459.7395,7.000,8.230,32.1818,37.8366,RMRD,MC,0.00,f
5989,1523,2442,24,AP03TE9599,1,3631,Gorantla CC,2026-08-05,,8050.00,8279.4250,4.000,8.200,331.1770,678.9128,RMRD,"FC,MC,BC",0.00,f
6006,1531,2443,25,TN13H2455,1,3631,Gorantla CC,2026-08-05,,7419.00,7630.4415,4.310,8.200,328.8720,625.6962,RMRD,BC,0.00,f
6007,1531,2443,25,TN13H2455,2,3634,Kotha Cheruvu CC,2026-08-05,,7716.00,7935.9060,4.200,8.370,333.3081,664.2353,RMRD,"FC,BC",0.00,f
6008,1531,2443,25,TN13H2455,3,3647,Ragavapalli,2026-08-05,,3992.90,4106.6977,4.300,8.260,176.5880,339.2132,RMRD,FC,0.00,f
6009,1532,2444,26,AP26TF3569,1,3652,Lepakshi CC,2026-08-05,,9388.00,9655.5580,4.200,8.220,405.5334,793.6869,RMRD,BC,0.00,f
6010,1532,2444,26,AP26TF3569,2,3645,Manesamudram,2026-08-05,,6380.30,6562.1386,4.000,8.200,262.4855,538.0954,RMRD,FC,0.00,f
6011,1532,2444,26,AP26TF3569,3,3654,Madakasira CC,2026-08-05,,14109.00,14511.1065,4.400,8.530,638.4887,1237.7974,RMRD,"FC,BC",0.00,f
5885,1494,2445,27,TN34AH5181,1,3642,Kokkanti Cross CC,2026-08-05,,7854.00,8077.8390,4.200,8.240,339.2692,665.6139,RMRD,BC,0.00,f
5886,1494,2445,27,TN34AH5181,2,3633,Nallamada CC,2026-08-05,,6866.00,7061.6810,4.200,8.240,296.5906,581.8825,RMRD,FC,0.00,f
5887,1494,2445,27,TN34AH5181,3,3655,Rallananthapur CC,2026-08-05,,4084.00,4200.3940,4.400,8.410,184.8173,353.2531,RMRD,"FC,BC",0.00,f
6001,1529,2446,28,AP39UX5014,1,3629,Kadiri Talapula CC,2026-08-05,,13001.00,13371.5285,4.100,8.220,548.2327,1099.1396,RMRD,"FC,BC",0.00,f
6002,1529,2446,28,AP39UX5014,2,3809,Diguva Kancharla Palli,2026-08-05,,4517.00,4645.7345,4.000,8.200,185.8294,380.9502,RMRD,FC,0.00,f
6003,1529,2446,28,AP39UX5014,3,3632,Gandlapenta CC,2026-08-05,,8927.00,9181.4195,4.100,8.220,376.4382,754.7127,RMRD,"FC,BC",0.00,f
6004,1530,2447,29,AP39TF3392,1,3416,7th Mile CC,2026-08-05,,25550.00,26278.1750,3.900,8.180,1024.8488,2149.5547,RMRD,"FC,BC",0.00,f
6062,1530,2447,29,AP39TF3392,2,3446,Nulukunta Cross,2026-08-05,,4436.02,4562.4466,3.900,8.180,177.9354,373.2081,RMRD,FC,0.00,f
6005,1530,2447,29,AP39TF3392,2,3446,Nulukunta Cross,2026-08-05,,4436.00,4562.4260,3.900,8.180,177.9346,373.2064,Balance Milk,FC,0.00,t
6012,1533,2448,30,AP03TE5699,1,3438,Kuppam Rural CC,2026-08-05,,21976.00,22602.3160,3.900,8.180,881.4903,1848.8694,RMRD,"FC,BC",0.00,f
6013,1533,2448,30,AP03TE5699,2,3446,Nulukunta Cross,2026-08-05,,2186.20,2248.5067,3.900,8.180,87.6918,183.9278,Balance Milk,BC,0.00,f
5992,1525,2449,31,TN86B1591,1,3441,Ramakuppam CC,2026-08-05,,8823.00,9074.4555,4.000,8.200,362.9782,744.1054,RMRD,"FC,BC",0.00,f
5993,1525,2449,31,TN86B1591,2,3436,VK Patrapalli CC,2026-08-05,,7229.00,7435.0265,4.000,8.200,297.4011,609.6722,RMRD,"FC,BC",0.00,f
5994,1525,2449,31,TN86B1591,3,3440,Kondahalli CC,2026-08-05,,3428.00,3525.6980,4.000,8.200,141.0279,289.1072,RMRD,"FC,BC",0.00,f
5995,1526,2450,32,AP02TC1483,1,3807,Lakkireddipalli,2026-08-05,,10153.30,10442.6690,4.000,8.200,417.7068,856.2989,RMRD,"MC,BC",0.00,f
6060,1526,2450,32,AP02TC1483,2,3807,Lakkireddipalli,2026-08-05,,1129.70,1161.8965,6.200,8.790,72.0376,102.1307,RMRD,FC,0.00,f
5998,1528,2451,33,AP39TD1229,1,3434,N Vaddanahalli CC,2026-08-05,,5396.30,5550.0946,4.000,8.200,222.0038,455.1078,RMRD,BC,0.00,f
5999,1528,2451,33,AP39TD1229,2,3443,Lakkanapalli CC,2026-08-05,,5010.00,5152.7850,4.100,8.220,211.2642,423.5589,RMRD,FC,0.00,f
6000,1528,2451,33,AP39TD1229,3,3406,Palamaner CC,2026-08-05,,16594.90,17067.8547,4.000,8.200,682.7142,1399.5641,RMRD,"FC,BC",0.00,f
6014,1534,2452,34,TN24AB6599,1,3022,Vedurukuppam,2026-08-05,,3270.00,3363.1950,3.900,8.180,131.1646,275.1094,RMRD,FC,0.00,f
6015,1534,2452,34,TN24AB6599,2,3211,Kondakinda Pali,2026-08-05,,5251.00,5400.6535,4.000,8.200,216.0261,442.8536,RMRD,BC,0.00,f
6016,1534,2452,34,TN24AB6599,3,3001,Penumuru,2026-08-05,,4378.00,4502.7730,4.100,8.340,184.6137,375.5313,RMRD,"FC,BC",0.00,f
6017,1534,2452,34,TN24AB6599,4,3209,Kothapallimitta,2026-08-05,,1851.00,1903.7535,4.200,8.240,79.9576,156.8693,RMRD,FC,0.00,f
6036,1540,2453,35,TN28BZ3247,1,3114,Rayakottai,2026-08-05,,3360.00,3455.7600,4.000,7.910,138.2304,273.3506,RMRD,FC,0.00,f
6037,1540,2453,35,TN28BZ3247,2,3108,Sankaranarayanapuram(SN Puram),2026-08-05,,7945.00,8171.4325,3.700,7.730,302.3430,631.6517,RMRD,"FC,BC",0.00,f
6038,1540,2453,35,TN28BZ3247,3,3113,CR Palyam,2026-08-05,,6701.00,6891.9785,3.900,7.890,268.7872,543.7771,RMRD,BC,0.00,f
5897,1498,2454,36,SALE TANKER,1,3104,Karapattu,2026-08-05,,15055.40,15484.4789,4.000,8.450,619.3792,1308.4385,RMRD,"FC,BC",0.00,f
5898,1498,2454,36,SALE TANKER,2,3109,Mandakolathur,2026-08-05,,7568.00,7783.6880,4.000,8.450,311.3475,657.7216,RMRD,FC,0.00,f
5894,1496,2455,37,SALE TANKER,1,3446,Nulukunta Cross,2026-08-05,,12717.00,13079.4345,4.000,8.330,523.1774,1089.5169,RMRD,"FC,BC",0.00,f
5895,1496,2455,37,SALE TANKER,2,3417,Avulanatham CC,2026-08-05,,9268.80,9532.9608,4.000,8.330,381.3184,794.0956,RMRD,"FC,BC",0.00,f
5896,1497,2456,38,SALE TANKER,1,3417,Avulanatham CC,2026-08-05,,14789.50,15211.0008,3.900,8.300,593.2290,1262.5131,RMRD,FC,0.00,f
5899,1499,2457,39,TA10UB8643,1,3901,Gowraram ,2026-08-05,,2182.00,2244.1870,4.600,8.330,103.2326,186.9408,RMRD,BC,0.00,f
5900,1500,2458,40,TS07UL3304,1,3902,Kalwakurthy,2026-08-05,,5719.00,5881.9915,4.400,8.320,258.8076,489.3817,RMRD,"FC,BC",0.00,f
5901,1500,2458,40,TS07UL3304,2,3903,Thalakondapalli,2026-08-05,,4075.00,4191.1375,4.400,8.280,184.4101,347.0262,RMRD,BC,0.00,f
5902,1500,2458,40,TS07UL3304,3,3904,Kandukuru,2026-08-05,,2934.00,3017.6190,4.400,8.230,132.7752,248.3500,RMRD,FC,0.00,f
5996,1527,2459,41,TN36AU2208,1,3641,Thurakapalli CC,2026-08-05,,12235.00,12583.6975,3.800,8.090,478.1805,1018.0211,RMRD,"FC,BC",0.00,f
5997,1527,2459,41,TN36AU2208,2,3651,CTM CC,2026-08-05,,6669.70,6859.7865,4.100,8.100,281.2512,555.6427,RMRD,"FC,BC",0.00,f
6018,1535,2461,42,AP07TJ2180,1,3207,Karvetinagaram,2026-08-05,,,,,,,,RMRD,,0.00,t
6047,1535,2461,42,AP07TJ2180,1,3209,Kothapallimitta,2026-08-05,,1726.00,1775.1910,4.200,8.240,74.5580,146.2757,RMRD,FC,0.00,f
6048,1535,2461,42,AP07TJ2180,2,3208,S R Puram,2026-08-05,,3261.00,3353.9385,3.900,8.180,130.8036,274.3522,RMRD,BC,0.00,f
6019,1535,2461,42,AP07TJ2180,2,3213,Narayanavanam,2026-08-05,,,,,,,,RMRD,,0.00,t
6020,1535,2461,42,AP07TJ2180,3,3019,Pannuru,2026-08-05,,,,,,,,RMRD,,0.00,t
6049,1535,2461,42,AP07TJ2180,3,3212,M.Kothuru,2026-08-05,,3921.40,4033.1599,3.820,8.120,154.0667,327.4926,RMRD,BC,0.00,f
6021,1535,2461,42,AP07TJ2180,4,3212,M.Kothuru,2026-08-05,,,,,,,,RMRD,,0.00,t
6050,1535,2461,42,AP07TJ2180,4,3019,Pannuru,2026-08-05,,1925.00,1979.8625,3.780,8.060,74.8388,159.5769,RMRD,BC,0.00,f
6051,1535,2461,42,AP07TJ2180,5,3015,Pichatur,2026-08-05,,2751.00,2829.4035,3.900,8.150,110.3467,230.5964,RMRD,FC,0.00,f
6022,1535,2461,42,AP07TJ2180,5,3208,S R Puram,2026-08-05,,3261.00,3353.9385,3.900,8.180,130.8036,274.3522,RMRD,,0.00,t
6023,1535,2461,42,AP07TJ2180,6,3209,Kothapallimitta,2026-08-05,,3568.00,3669.6880,4.200,8.240,154.1269,302.3823,Balance Milk,FC,0.00,t
6052,1535,2461,42,AP07TJ2180,6,3213,Narayanavanam,2026-08-05,,2957.00,3041.2745,3.760,8.100,114.3519,246.3432,RMRD,,0.00,f
6053,1535,2461,42,AP07TJ2180,7,3207,Karvetinagaram,2026-08-05,,1326.00,1363.7910,3.800,8.160,51.8241,111.2853,RMRD,FC,0.00,f
6024,1535,2461,42,AP07TJ2180,7,3015,Pichatur,2026-08-05,,,,,,,,RMRD,,0.00,t
6025,1536,2462,43,AP07TF2421,1,3020,Putturu CC,2026-08-05,,14732.20,15152.0677,4.400,8.280,666.6910,1254.5912,RMRD,"FC,BC",0.00,f
6026,1536,2462,43,AP07TF2421,2,3021,Chandragiri CC,2026-08-05,,2679.90,2756.2772,4.040,8.120,111.3536,223.8097,RMRD,FC,0.00,f
6027,1537,2463,44,AP03TE2079,1,3202,Y V Pallm,2026-08-05,,8241.00,8475.8685,3.700,8.140,313.6071,689.9357,RMRD,"FC,BC",0.00,f
6028,1537,2463,44,AP03TE2079,2,3228,Udaymanikyam CC,2026-08-05,,8366.00,8604.4310,3.800,8.030,326.9684,690.9358,RMRD,"FC,BC",0.00,f
6029,1537,2463,44,AP03TE2079,3,3205,C.G.Gallu,2026-08-05,,3215.00,3306.6275,3.900,8.180,128.9585,270.4821,RMRD,BC,0.00,f
6030,1538,2464,45,AP03TE6599,1,3222,G D Nellore,2026-08-05,,8192.00,8425.4720,4.000,8.200,337.0189,690.8887,RMRD,"FC,BC",0.00,f
6031,1538,2464,45,AP03TE6599,2,3223,Thugundram,2026-08-05,,4916.00,5056.1060,4.100,8.350,207.3003,422.1849,RMRD,FC,0.00,f
6032,1538,2464,45,AP03TE6599,3,3224,Palasamudram,2026-08-05,,7700.00,7919.4500,4.000,8.200,316.7780,649.3949,RMRD,"FC,MC",0.00,f
6033,1539,2465,46,TN24BC6019,1,3414,Gudupalli,2026-08-05,,9340.00,9606.1900,3.900,8.300,374.6414,797.3138,RMRD,"FC,BC",0.00,f
6034,1539,2465,46,TN24BC6019,2,3415,Kuppam BMCU,2026-08-05,,8388.90,8627.9837,3.900,8.300,336.4914,716.1226,RMRD,"FC,BC",0.00,f
6035,1539,2465,46,TN24BC6019,3,3435,Settipalli,2026-08-05,,,,,,,,RMRD,,0.00,t
6061,1539,2465,46,TN24BC6019,3,3418,Nadimur,2026-08-05,,3892.20,4003.1277,3.800,8.280,152.1189,331.4590,RMRD,BC,0.00,f
6121,1563,2466,1,TN13H2455,1,3653,Mamillapalli,2026-08-06,,8184.00,8417.2440,4.100,8.220,345.1070,691.8975,RMRD,BC,0.00,f
6122,1563,2466,1,TN13H2455,2,3646,Moram Pali,2026-08-06,,4190.00,4309.4150,4.000,8.080,172.3766,348.2007,RMRD,FC,0.00,f
6123,1563,2466,1,TN13H2455,3,3648,Mohamadabad/MB Cross,2026-08-06,,5954.00,6123.6890,4.100,8.100,251.0712,496.0188,RMRD,"FC,BC",0.00,f
6086,1553,2467,2,AP02TC1483,1,3649,B.Pappuru,2026-08-06,,5787.80,5952.7523,4.200,8.360,250.0156,497.6501,RMRD,MC,0.00,f
6087,1553,2467,2,AP02TC1483,2,3647,Ragavapalli,2026-08-06,,3959.80,4072.6543,4.200,8.240,171.0515,335.5867,RMRD,FC,0.00,f
6100,1553,2467,2,AP02TC1483,3,3649,B.Pappuru,2026-08-06,,1336.80,1374.8988,7.000,9.080,96.2429,124.8408,RMRD,BC,0.00,f
6141,1567,2468,3,AP03TE5050,1,3613,P T M,2026-08-06,,2842.00,2922.9970,4.000,8.200,116.9199,239.6858,RMRD,BC,0.00,f
6142,1567,2468,3,AP03TE5050,2,3610,B Kothakota,2026-08-06,,5794.40,5959.5404,4.000,8.200,238.3816,488.6823,RMRD,FC,0.00,f
6143,1567,2468,3,AP03TE5050,3,3612,Poojavari Palli,2026-08-06,,1665.00,1712.4525,4.000,8.330,68.4981,142.6473,RMRD,FC,0.00,f
6144,1567,2468,3,AP03TE5050,4,3609,Kurabala Kota,2026-08-06,,6772.00,6965.0020,3.800,8.030,264.6701,559.2897,RMRD,BC,0.00,f
6145,1567,2468,3,AP03TE5050,5,3602,Tharigonda,2026-08-06,,2956.00,3040.2460,3.700,8.140,112.4891,247.4760,RMRD,FC,0.00,f
6146,1567,2468,3,AP03TE5050,6,3603,Vayalpadu,2026-08-06,,3134.00,3223.3190,4.000,8.200,128.9328,264.3122,RMRD,BC,0.00,f
6084,1552,2469,4,AP39UN4344,1,3807,Lakkireddipalli,2026-08-06,,10016.00,10301.4560,4.100,8.220,422.3597,846.7797,RMRD,BC,0.00,f
6085,1552,2469,4,AP39UN4344,2,3807,Lakkireddipalli,2026-08-06,,1096.40,1127.6474,5.000,8.410,56.3824,94.8351,RMRD,FC,0.00,f
6108,1560,2470,5,AP03TE5888,1,3404,Peddapanjani,2026-08-06,,2684.00,2760.4940,3.700,8.140,102.1383,224.7042,RMRD,FC,0.00,f
6109,1560,2470,5,AP03TE5888,2,3420,Chandramakula Palli,2026-08-06,,2370.00,2437.5450,3.700,8.140,90.1892,198.4162,RMRD,BC,0.00,f
6110,1560,2470,5,AP03TE5888,3,3644,Penchupadu,2026-08-06,,6089.00,6262.5365,4.000,8.260,250.5015,517.2855,RMRD,FC,0.00,f
6111,1560,2470,5,AP03TE5888,4,3442,Ramasamudhram CC,2026-08-06,,4019.00,4133.5415,3.900,8.180,161.2081,338.1237,RMRD,BC,0.00,f
6112,1560,2470,5,AP03TE5888,5,3419,Punganur,2026-08-06,,5336.00,5488.0760,3.700,8.140,203.0588,446.7294,RMRD,"FC,BC",0.00,f
6074,1549,2471,6,AP03TE5699,1,3435,Settipalli,2026-08-06,,7917.00,8142.6345,4.000,8.200,325.7054,667.6960,RMRD,FC,0.00,f
6075,1549,2471,6,AP03TE5699,2,3408,Ramakuppam BMCU,2026-08-06,,5263.00,5412.9955,3.900,8.180,211.1068,442.7830,RMRD,FC,0.00,f
6076,1549,2471,6,AP03TE5699,3,3413,Pedduru,2026-08-06,,4738.00,4873.0330,3.900,8.180,190.0483,398.6141,RMRD,BC,0.00,f
6077,1549,2471,6,AP03TE5699,4,3437,Kuppiganipalli,2026-08-06,,1003.00,1031.5855,3.800,8.160,39.2002,84.1774,RMRD,BC,0.00,f
6078,1549,2471,6,AP03TE5699,5,3418,Nadimur,2026-08-06,,4059.30,4174.9901,3.800,8.160,158.6496,340.6792,RMRD,"FC,BC",0.00,f
6113,1561,2472,7,TN863039,1,3409,Shanthi Puram,2026-08-06,,4971.90,5113.5991,3.850,8.180,196.8736,418.2924,RMRD,BC,0.00,f
6114,1561,2472,7,TN863039,2,3407,V Kota,2026-08-06,,4547.00,4676.5895,4.000,8.200,187.0636,383.4803,RMRD,FC,0.00,f
6115,1561,2472,7,TN863039,3,3402,Baireddipalle,2026-08-06,,4426.00,4552.1410,3.900,8.180,177.5335,372.3651,RMRD,MC,0.00,f
6116,1561,2472,7,TN863039,4,3405,Pathikonda,2026-08-06,,4992.00,5134.2720,3.800,8.160,195.1023,418.9566,RMRD,"FC,MC,BC",0.00,f
6124,1564,2473,8,AP03TJ0033,1,3004,Y S Gate,2026-08-06,,3704.00,3809.5640,4.000,8.330,152.3826,317.3367,RMRD,BC,0.00,f
6125,1564,2473,8,AP03TJ0033,2,3217,K Patnam,2026-08-06,,2640.00,2715.2400,4.100,8.330,111.3248,226.1795,RMRD,BC,0.00,f
6126,1564,2473,8,AP03TJ0033,3,3425,Gajulapalli,2026-08-06,,2830.80,2911.4778,3.900,8.180,113.5476,238.1589,RMRD,BC,0.00,f
6127,1564,2473,8,AP03TJ0033,4,3427,Perumala Palli,2026-08-06,,1214.00,1248.5990,4.300,8.390,53.6898,104.7575,RMRD,FC,0.00,f
6128,1564,2473,8,AP03TJ0033,5,3430,Mogili,2026-08-06,,2831.00,2911.6835,3.900,8.180,113.5557,238.1757,RMRD,FC,0.00,f
6129,1564,2473,8,AP03TJ0033,6,3439,KG Sathram,2026-08-06,,7954.00,8180.6890,4.000,8.300,327.2276,678.9972,RMRD,"FC,BC",0.00,f
6130,1565,2474,9,AP16TH5494,1,3221,Bomma Samudram,2026-08-06,,3002.00,3087.5570,4.000,8.200,123.5023,253.1797,RMRD,BC,0.00,f
6131,1565,2474,9,AP16TH5494,2,3432,Madetipalli,2026-08-06,,10197.00,10487.6145,3.900,8.180,409.0170,857.8869,RMRD,"FC,BC",0.00,f
6132,1565,2474,9,AP16TH5494,3,3118,Gollamangalam,2026-08-06,,6554.00,6740.7890,4.300,8.390,289.8539,565.5522,RMRD,FC,0.00,f
6133,1566,2475,10,AP39TB8024,1,3207,Karvetinagaram,2026-08-06,,1584.40,1629.5554,4.150,8.150,67.6265,132.8088,Balance Milk,FC,0.00,f
6134,1566,2475,10,AP39TB8024,2,3213,Narayanavanam,2026-08-06,,1186.70,1220.5210,4.200,8.120,51.2619,99.1063,RMRD,BC,0.00,f
6135,1566,2475,10,AP39TB8024,3,3015,Pichatur,2026-08-06,,1122.70,1154.6970,4.200,8.200,48.4973,94.6851,RMRD,BC,0.00,f
6136,1566,2475,10,AP39TB8024,4,3019,Pannuru,2026-08-06,,1846.00,1898.6110,3.900,8.080,74.0458,153.4078,RMRD,FC,0.00,f
6137,1566,2475,10,AP39TB8024,5,3212,M.Kothuru,2026-08-06,,3690.30,3795.4736,3.900,8.180,148.0235,310.4697,RMRD,FC,0.00,f
6138,1566,2475,10,AP39TB8024,6,3209,Kothapallimitta,2026-08-06,,,,,,,,RMRD,,0.00,t
6139,1566,2475,10,AP39TB8024,7,3208,S R Puram,2026-08-06,,3133.00,3222.2905,3.900,8.180,125.6693,263.5834,RMRD,BC,0.00,f
6140,1566,2475,10,AP39TB8024,8,3207,Karvetinagaram,2026-08-06,,3353.00,3448.5605,3.800,8.160,131.0453,281.4025,RMRD,BC,0.00,f
6184,1580,2476,11,TN24AB6599,1,3701,Pellakuru,2026-08-06,,1189.00,1222.8865,7.100,8.970,86.8249,109.6929,RMRD,BC,0.00,f
6185,1580,2476,11,TN24AB6599,2,3014,Thottambedu,2026-08-06,,1755.00,1805.0175,4.400,8.280,79.4208,149.4554,RMRD,FC,0.00,f
6186,1580,2476,11,TN24AB6599,3,3013,B N Khandriga,2026-08-06,,2671.00,2747.1235,5.300,8.720,145.5975,239.5492,RMRD,BC,0.00,f
6187,1580,2476,11,TN24AB6599,4,3011,Varadaiahpalem,2026-08-06,,1193.00,1227.0005,6.100,8.760,74.8470,107.4852,RMRD,BC,0.00,f
6188,1580,2476,11,TN24AB6599,5,3018,Satyavedu,2026-08-06,,1870.30,1923.6035,5.000,8.410,96.1802,161.7751,RMRD,BC,0.00,f
6189,1580,2476,11,TN24AB6599,6,3016,Nagalapuram,2026-08-06,,1139.00,1171.4615,4.700,8.470,55.0587,99.2228,RMRD,FC,0.00,f
6190,1580,2476,11,TN24AB6599,7,3017,K V B Puram,2026-08-06,,2849.00,2930.1965,4.100,8.220,120.1381,240.8622,RMRD,FC,0.00,f
6193,1580,2476,11,TN24AB6599,11,3701,Pellakuru,2026-08-06,,500.00,514.2500,4.100,8.340,21.0842,42.8885,RMRD,FC,0.00,f
6191,1580,2476,11,TN24AB6599,12,3017,K V B Puram,2026-08-06,,385.00,395.9725,7.100,8.950,28.1140,35.4395,RMRD,BC,0.00,f
6192,1580,2476,11,TN24AB6599,12,3014,Thottambedu,2026-08-06,,341.00,350.7185,8.000,9.040,28.0575,31.7050,RMRD,BC,0.00,f
6153,1570,2477,12,TN34AC5878,1,3010,Yerpedu,2026-08-06,,3293.00,3386.8505,4.200,8.240,142.2477,279.0765,RMRD,FC,0.00,f
6154,1570,2477,12,TN34AC5878,2,3702,Venkatagiri,2026-08-06,,1149.00,1181.7465,7.600,8.950,89.8127,105.7663,RMRD,BC,0.00,f
6155,1570,2477,12,TN34AC5878,3,3704,Dakilli,2026-08-06,,883.00,908.1655,7.900,8.890,71.7451,80.7359,RMRD,BC,0.00,f
6156,1570,2477,12,TN34AC5878,4,3708,Pokurupalli,2026-08-06,,1021.00,1050.0985,7.500,8.680,78.7574,91.1485,RMRD,BC,0.00,f
6157,1570,2477,12,TN34AC5878,5,3010,Yerpedu,2026-08-06,,236.00,242.7260,7.900,9.260,19.1754,22.4764,RMRD,BC,0.00,f
6194,1581,2478,13,AP39TK3377,1,3116,LN Puram,2026-08-06,,5137.20,5283.6102,4.200,8.450,221.9116,446.4651,RMRD,FC,0.00,f
6195,1581,2478,13,AP39TK3377,2,3107,Devanur,2026-08-06,,6986.00,7185.1010,4.100,8.590,294.5891,617.2002,RMRD,"FC,BC",0.00,f
6196,1581,2478,13,AP39TK3377,3,3106,Vandavasi,2026-08-06,,7360.00,7569.7600,4.100,8.470,310.3602,641.1587,RMRD,BC,0.00,f
6082,1551,2479,14,AP39WB9499,1,3109,Mandakolathur,2026-08-06,,16408.00,16875.6280,4.100,8.470,691.9007,1429.3657,RMRD,"FC,BC",0.00,f
6083,1551,2479,14,AP39WB9499,2,3117,Aavalurpet,2026-08-06,,4088.00,4204.5080,4.200,8.490,176.5893,356.9627,RMRD,FC,0.00,f
6070,1547,2480,15,AP03TE9419,1,3104,Karapattu,2026-08-06,,9442.00,9711.0970,4.000,8.450,388.4439,820.5877,Balance Milk,"FC,BC",0.00,f
6071,1547,2480,15,AP03TE9419,2,3104,Karapattu,2026-08-06,,11185.00,11503.7725,4.100,8.410,471.6547,967.4673,RMRD,"FC,MC,BC",0.00,f
6217,1586,2481,16,TN28BZ3247,1,3117,Aavalurpet,2026-08-06,,3489.00,3588.4365,4.100,8.470,147.1259,303.9406,Balance Milk,FC,0.00,f
6218,1586,2481,16,TN28BZ3247,2,3103,Konaluru,2026-08-06,,17203.00,17693.2855,4.200,8.490,743.1180,1502.1599,RMRD,"FC,BC",0.00,f
6219,1587,2482,17,TN52Q9387,1,3110,Kankanur,2026-08-06,,11806.00,12142.4710,4.100,8.100,497.8413,983.5402,RMRD,"FC,BC",0.00,f
6220,1587,2482,17,TN52Q9387,2,3112,Harur,2026-08-06,,10280.30,10573.2886,4.100,8.090,433.5048,855.3790,RMRD,BC,0.00,f
6068,1546,2483,18,TN28BB2353,1,3123,Alamelupuram,2026-08-06,,6430.40,6613.6664,4.100,8.050,271.1603,532.4001,RMRD,FC,0.00,f
6069,1546,2483,18,TN28BB2353,2,3119,K Echambadi,2026-08-06,,8898.50,9152.1073,4.200,8.070,384.3885,738.5751,RMRD,"FC,BC",0.00,f
6072,1548,2484,19,TN30CL2599,1,3416,7th Mile CC,2026-08-06,,24350.00,25043.9750,4.000,8.200,1001.7590,2053.6059,RMRD,"FC,BC",0.00,f
6073,1548,2484,19,TN30CL2599,2,3438,Kuppam Rural CC,2026-08-06,,3251.00,3343.6535,3.900,8.180,130.4025,273.5109,RMRD,BC,0.00,f
6063,1544,2485,20,RJ32GB7005,1,3417,Avulanatham CC,2026-08-06,,29886.60,30738.3681,3.900,8.370,1198.7964,2572.8014,Balance Milk,"FC,BC",0.00,f
6064,1544,2485,20,RJ32GB7005,2,3417,Avulanatham CC,2026-08-06,,,,,,,,RMRD,,0.00,t
6065,1545,2486,21,TN28AQ5726,1,3441,Ramakuppam CC,2026-08-06,,8701.00,8948.9785,4.000,8.200,357.9591,733.8162,RMRD,"FC,MC",0.00,f
6066,1545,2486,21,TN28AQ5726,2,3436,VK Patrapalli CC,2026-08-06,,7244.00,7450.4540,4.000,8.200,298.0182,610.9372,RMRD,MC,0.00,f
6067,1545,2486,21,TN28AQ5726,3,3440,Kondahalli CC,2026-08-06,,3415.00,3512.3275,4.100,8.220,144.0054,288.7133,RMRD,BC,0.00,f
6170,1576,2487,22,TN30CL2299,1,3434,N Vaddanahalli CC,2026-08-06,,5269.20,5419.3722,4.000,8.200,216.7749,444.3885,RMRD,BC,0.00,f
6171,1576,2487,22,TN30CL2299,2,3443,Lakkanapalli CC,2026-08-06,,4987.00,5129.1295,4.000,8.200,205.1652,420.5886,RMRD,FC,0.00,f
6172,1576,2487,22,TN30CL2299,3,3406,Palamaner CC,2026-08-06,,16491.30,16961.3021,4.000,8.200,678.4521,1390.8268,RMRD,"BC,FC",0.00,f
6160,1572,2488,23,TG12T4949,1,3629,Kadiri Talapula CC,2026-08-06,,13099.00,13472.3215,4.100,8.220,552.3652,1107.4248,RMRD,"FC,BC",0.00,f
6161,1572,2488,23,TG12T4949,2,3809,Diguva Kancharla Palli,2026-08-06,,4578.00,4708.4730,3.900,8.180,183.6304,385.1531,RMRD,BC,0.00,f
6162,1572,2488,23,TG12T4949,3,3632,Gandlapenta CC,2026-08-06,,8850.00,9102.2250,4.100,8.220,373.1912,748.2029,RMRD,FC,0.00,f
6101,1558,2489,24,AP03TE5533,1,3642,Kokkanti Cross CC,2026-08-06,,7876.00,8100.4660,4.200,8.240,340.2196,667.4784,RMRD,BC,0.00,f
6102,1558,2489,24,AP03TE5533,2,3633,Nallamada CC,2026-08-06,,6870.00,7065.7950,4.200,8.240,296.7634,582.2215,RMRD,FC,0.00,f
6103,1558,2489,24,AP03TE5533,3,3655,Rallananthapur CC,2026-08-06,,4048.00,4163.3680,4.400,8.410,183.1882,350.1392,RMRD,"FC,BC",0.00,f
6098,1557,2490,25,TN24BD4749,1,3641,Thurakapalli CC,2026-08-06,,12205.00,12552.8425,3.700,8.140,464.4552,1021.8014,RMRD,"FC,BC",0.00,f
6099,1557,2490,25,TN24BD4749,2,3651,CTM CC,2026-08-06,,11996.00,12337.8860,3.900,8.050,481.1776,993.1998,RMRD,"FC,BC",0.00,f
6178,1578,2491,26,AP39WM0723,1,3652,Lepakshi CC,2026-08-06,,9240.00,9503.3400,4.200,8.240,399.1403,783.0752,RMRD,"FC,BC",0.00,f
6179,1578,2491,26,AP39WM0723,2,3645,Manesamudram,2026-08-06,,6328.50,6508.8623,4.000,8.120,260.3545,528.5196,RMRD,BC,0.00,f
6180,1578,2491,26,AP39WM0723,3,3654,Madakasira CC,2026-08-06,,13952.00,14349.6320,4.400,8.480,631.3838,1216.8488,RMRD,"FC,BC",0.00,f
6152,1569,2492,27,AP03TE9599,1,3631,Gorantla CC,2026-08-06,,7942.00,8168.3470,3.900,8.180,318.5655,668.1708,RMRD,"FC,MC,BC",0.00,f
6208,1584,2493,28,TN28AR1990,1,3631,Gorantla CC,2026-08-06,,7388.00,7598.5580,4.400,8.280,334.3366,629.1606,RMRD,BC,0.00,f
6209,1584,2493,28,TN28AR1990,2,3634,Kotha Cheruvu CC,2026-08-06,,7687.00,7906.0795,4.300,8.390,339.9614,663.3201,RMRD,"FC,BC",0.00,f
6245,1584,2493,28,TN28AR1990,3,3651,CTM CC,2026-08-06,,5360.10,5512.8629,3.700,8.010,203.9759,441.5803,RMRD,FC,0.00,f
6210,1584,2493,28,TN28AR1990,3,3651,CTM CC,2026-08-06,,5360.10,5512.8629,3.700,8.010,203.9759,441.5803,Balance Milk,FC,0.00,t
6147,1568,2494,29,TN76AL9919,1,3623,Yallam Palli,2026-08-06,,1969.00,2025.1165,3.800,8.030,76.9544,162.6169,RMRD,BC,0.00,f
6148,1568,2494,29,TN76AL9919,2,3637,Nimmanna Palli,2026-08-06,,3999.00,4112.9715,3.800,8.160,156.2929,335.6185,RMRD,BC,0.00,f
6149,1568,2494,29,TN76AL9919,3,3601,Chinthaparthi,2026-08-06,,4278.00,4399.9230,3.900,8.050,171.5970,354.1938,RMRD,FC,0.00,f
6150,1568,2494,29,TN76AL9919,4,3607,Manchuru,2026-08-06,,2200.00,2262.7000,4.000,8.200,90.5080,185.5414,RMRD,BC,0.00,f
6151,1568,2494,29,TN76AL9919,5,3616,Kalikiri,2026-08-06,,6908.00,7104.8780,3.800,8.160,269.9854,579.7580,RMRD,"FC,BC",0.00,f
6090,1555,2495,30,AP39WE4161,1,3621,Regallu,2026-08-06,,2888.00,2970.3080,3.900,8.050,115.8420,239.1098,RMRD,FC,0.00,f
6091,1555,2495,30,AP39WE4161,2,3618,Gadi,2026-08-06,,2974.20,3058.9647,4.000,8.080,122.3586,247.1643,RMRD,FC,0.00,f
6092,1555,2495,30,AP39WE4161,3,3617,Kalakada,2026-08-06,,3227.00,3318.9695,3.900,8.050,129.4398,267.1770,RMRD,BC,0.00,f
6093,1555,2495,30,AP39WE4161,4,3619,Garnimitta,2026-08-06,,2299.00,2364.5215,3.900,8.180,92.2163,193.4179,RMRD,BC,0.00,f
6094,1555,2495,30,AP39WE4161,5,3622,Gyarampalli,2026-08-06,,3212.00,3303.5420,4.000,8.200,132.1417,270.8904,RMRD,FC,0.00,f
6095,1555,2495,30,AP39WE4161,6,3620,Piler,2026-08-06,,6096.00,6269.7360,3.900,8.180,244.5197,512.8644,RMRD,"FC,BC",0.00,f
6197,1582,2496,31,AP07TF2421,1,3628,Diguva Thotluvari Palli,2026-08-06,,3934.00,4046.1190,3.800,8.160,153.7525,330.1633,RMRD,FC,0.00,f
6198,1582,2496,31,AP07TF2421,2,3624,Thamballapalle,2026-08-06,,5294.00,5444.8790,4.000,8.130,217.7952,442.6687,RMRD,"FC,BC",0.00,f
6199,1582,2496,31,AP07TF2421,3,3627,Mudivedu,2026-08-06,,4094.00,4210.6790,3.900,8.180,164.2165,344.4335,RMRD,"BC,FC",0.00,f
6200,1582,2496,31,AP07TF2421,4,3625,Reddi Kota,2026-08-06,,3840.70,3950.1599,3.700,8.140,146.1559,321.5430,RMRD,BC,0.00,f
6054,1541,2498,33,SALE TANKER,1,3438,Kuppam Rural CC,2026-08-06,,15138.60,15570.0501,3.900,8.180,607.2320,1273.6301,RMRD,"FC,BC",0.00,f
6226,1589,2499,34,AP03TA8424,1,3414,Gudupalli,2026-08-06,,9255.00,9518.7675,3.900,8.300,371.2319,790.0577,RMRD,"FC,BC",0.00,f
6227,1589,2499,34,AP03TA8424,2,3415,Kuppam BMCU,2026-08-06,,7390.60,7601.2321,3.900,8.300,296.4481,630.9023,RMRD,"MC,BC",0.00,f
6228,1589,2499,34,AP03TA8424,3,3435,Settipalli,2026-08-06,,2527.80,2599.8423,4.000,8.200,103.9937,213.1871,RMRD,MC,0.00,f
6246,1589,2499,34,AP03TA8424,4,3418,Nadimur,2026-08-06,,3737.30,3843.8131,3.800,8.160,146.0649,313.6551,RMRD,BC,0.00,f
6079,1550,2500,35,TN24AR2944,1,3114,Rayakottai,2026-08-06,,3338.00,3433.1330,4.000,7.910,137.3253,271.5608,RMRD,BC,0.00,f
6080,1550,2500,35,TN24AR2944,2,3108,Sankaranarayanapuram(SN Puram),2026-08-06,,7753.00,7973.9605,3.700,7.730,295.0365,616.3871,RMRD,"FC,BC",0.00,f
6081,1550,2500,35,TN24AR2944,3,3113,CR Palyam,2026-08-06,,6573.00,6760.3305,3.900,7.890,263.6529,533.3901,RMRD,"FC,BC",0.00,f
6058,1543,2501,36,AP03TE6660,1,3901,Gowraram ,2026-08-06,,2203.00,2265.7855,4.500,8.310,101.9603,188.2868,RMRD,BC,0.00,f
6055,1542,2502,37,TS07UL3304,1,3902,Kalwakurthy,2026-08-06,,5774.00,5938.5590,4.300,8.390,255.3580,498.2451,RMRD,"FC,BC",0.00,f
6056,1542,2502,37,TS07UL3304,2,3904,Kandukuru,2026-08-06,,3231.00,3323.0835,4.300,8.530,142.8926,283.4590,RMRD,FC,0.00,f
6057,1542,2502,37,TS07UL3304,3,3903,Thalakondapalli,2026-08-06,,4125.00,4242.5625,4.400,8.280,186.6728,351.2842,RMRD,BC,0.00,f
6163,1573,2503,38,SALE TANKER,1,3446,Nulukunta Cross,2026-08-06,,14812.00,15234.1420,4.000,8.330,609.3657,1269.0040,RMRD,"FC,BC",0.00,f
6173,1577,2504,39,AP26TF4985,1,3204,Bakarapeta,2026-08-06,,3526.00,3626.4910,3.900,8.180,141.4331,296.6470,RMRD,BC,0.00,f
6174,1577,2504,39,AP26TF4985,2,3227,Pincha,2026-08-06,,4188.60,4307.9751,3.700,7.990,159.3951,344.2072,RMRD,"BC,FC",0.00,f
6175,1577,2504,39,AP26TF4985,3,3201,Mellacheruv,2026-08-06,,6491.00,6675.9935,3.700,8.010,247.0118,534.7471,RMRD,"FC,BC",0.00,f
6176,1577,2504,39,AP26TF4985,4,3203,Talapula(Piler),2026-08-06,,3408.00,3505.1280,3.700,8.010,129.6897,280.7608,RMRD,BC,0.00,f
6177,1577,2504,39,AP26TF4985,5,3206,Bodevandlapalli,2026-08-06,,3905.00,4016.2925,3.700,8.010,148.6028,321.7050,RMRD,FC,0.00,f
6166,1575,2505,40,AP03TE2079,1,3228,Udaymanikyam CC,2026-08-06,,8559.00,8802.9315,3.800,8.030,334.5114,706.8754,RMRD,BC,0.00,f
6167,1575,2505,40,AP03TE2079,2,3228,Udaymanikyam CC,2026-08-06,,2904.70,2987.4840,3.800,8.160,113.5244,243.7787,Balance Milk,FC,0.00,t
6382,1575,2505,40,AP03TE2079,2,3228,Udaymanikyam CC,2026-08-06,,50.00,51.4250,3.580,8.050,1.8410,4.1397,RMRD,,0.00,f
6168,1575,2505,40,AP03TE2079,3,3202,Y V Pallm,2026-08-06,,8444.00,8684.6540,3.700,8.140,321.3322,706.9308,RMRD,"FC,BC",0.00,f
6169,1575,2505,40,AP03TE2079,4,3205,C.G.Gallu,2026-08-06,,2904.70,2987.4840,3.800,8.160,113.5244,243.7787,RMRD,FC,0.00,f
6242,1559,2506,41,TN36AU2208,1,3224,Palasamudram,2026-08-06,,5803.00,5968.3855,4.100,8.220,244.7038,490.6013,RMRD,BC,0.00,f
6213,1559,2506,41,TN36AU2208,1,3224,Palasamudram,2026-08-06,,5803.00,5968.3855,4.100,8.220,244.7038,490.6013,RMRD,FC,0.00,t
6104,1559,2506,41,TN36AU2208,1,3224,Palasamudram,2026-08-06,,,,,,,,RMRD,,0.00,t
6105,1559,2506,41,TN36AU2208,2,3224,Palasamudram,2026-08-06,,5803.00,5968.3855,4.100,8.220,244.7038,490.6013,Balance Milk,BC,0.00,t
6243,1559,2506,41,TN36AU2208,2,3223,Thugundram,2026-08-06,,4840.00,4977.9400,4.100,8.350,204.0955,415.6580,RMRD,FC,0.00,f
6214,1559,2506,41,TN36AU2208,2,3224,Palasamudram,2026-08-06,,2253.00,2317.2105,3.780,8.170,87.5906,189.3161,RMRD,FC,0.00,t
6106,1559,2506,41,TN36AU2208,3,3223,Thugundram,2026-08-06,,4840.00,4977.9400,4.100,8.350,204.0955,415.6580,RMRD,FC,0.00,t
6244,1559,2506,41,TN36AU2208,3,3222,G D Nellore,2026-08-06,,7528.00,7742.5480,4.000,8.200,309.7019,634.8889,RMRD,"FC,BC",0.00,f
6215,1559,2506,41,TN36AU2208,3,3223,Thugundram,2026-08-06,,4840.00,4977.9400,4.100,8.350,204.0955,415.6580,RMRD,FC,0.00,t
6211,1559,2506,41,TN36AU2208,3,3222,G D Nellore,2026-08-06,,7528.00,7742.5480,4.000,8.200,309.7019,634.8889,RMRD,"FC,BC",0.00,t
6216,1559,2506,41,TN36AU2208,4,3222,G D Nellore,2026-08-06,,7528.00,7742.5480,4.000,8.200,309.7019,634.8889,RMRD,FC,0.00,t
6107,1559,2506,41,TN36AU2208,4,3222,G D Nellore,2026-08-06,,7528.00,7742.5480,4.000,8.200,309.7019,634.8889,RMRD,"FC,BC",0.00,t
6181,1579,2507,42,AP07TN0549,1,3219,Reddigunta,2026-08-06,,4756.00,4891.5460,4.000,8.200,195.6618,401.1068,RMRD,"FC,BC",0.00,f
6182,1579,2507,42,AP07TN0549,2,3215,Yadamari,2026-08-06,,8840.00,9091.9400,4.000,8.320,363.6776,756.4494,RMRD,BC,0.00,f
6183,1579,2507,42,AP07TN0549,3,3429,G.K.Manchi,2026-08-06,,5847.00,6013.6395,4.000,8.330,240.5456,500.9362,RMRD,FC,0.00,f
6088,1554,2508,43,AP03TE6599,1,3020,Putturu CC,2026-08-06,,14739.80,15159.8843,4.200,8.370,636.7151,1268.8823,RMRD,"FC,MC,BC",0.00,f
6089,1554,2508,43,AP03TE6599,2,3021,Chandragiri CC,2026-08-06,,6160.50,6336.0743,3.800,8.160,240.7708,517.0237,RMRD,FC,0.00,f
6221,1588,2509,44,AP31TF6368,1,3001,Penumuru,2026-08-06,,4486.00,4613.8510,4.100,8.340,189.1679,384.7952,RMRD,BC,0.00,f
6222,1588,2509,44,AP31TF6368,2,3003,Damalacheruvu,2026-08-06,,5018.60,5161.6301,4.000,8.330,206.4652,429.9638,RMRD,"BC,MC",0.00,f
6223,1588,2509,44,AP31TF6368,3,3005,Komireddygari Palli,2026-08-06,,,,,,,,RMRD,,0.00,t
6224,1588,2509,44,AP31TF6368,4,3007,Polakala,2026-08-06,,3393.00,3489.7005,4.000,8.350,139.5880,291.3900,RMRD,FC,0.00,f
6225,1588,2509,44,AP31TF6368,5,3023,Rangampeta Cross,2026-08-06,,6360.00,6541.2600,4.100,8.350,268.1917,546.1952,RMRD,"FC,MC",0.00,f
6117,1562,2510,45,TN25BB1990,1,3022,Vedurukuppam,2026-08-06,,3177.00,3267.5445,3.900,8.180,127.4342,267.2851,RMRD,BC,0.00,f
6118,1562,2510,45,TN25BB1990,2,3211,Kondakinda Pali,2026-08-06,,5257.80,5407.6473,4.000,8.200,216.3059,443.4271,RMRD,FC,0.00,f
6119,1562,2510,45,TN25BB1990,3,3209,Kothapallimitta,2026-08-06,,3340.00,3435.1900,4.100,8.220,140.8428,282.3726,RMRD,MC,0.00,f
6120,1562,2510,45,TN25BB1990,4,3006,Polireddipalli,2026-08-06,,3253.00,3345.7105,4.000,8.320,133.8284,278.3631,RMRD,"MC,BC",0.00,f
6229,1590,2511,46,TN28BA2919,1,3105,Vanapuram,2026-08-06,,17270.10,17762.2979,4.100,8.470,728.2542,1504.4666,RMRD,"FC,BC",0.00,f
6158,1571,2512,47,AP03TE9069,1,3002,Pakala,2026-08-06,,2827.70,2908.2894,4.100,8.350,119.2399,242.8422,RMRD,FC,0.00,f
6230,1591,2513,47,AP07TJ2180,1,3102,Thammanuru,2026-08-06,,624.30,642.0926,7.300,9.010,46.8728,57.8525,RMRD,BC,0.00,f
6159,1571,2512,47,AP03TE9069,2,3005,Komireddygari Palli,2026-08-06,,6096.00,6269.7360,4.100,8.220,257.0592,515.3723,RMRD,"MC,BC",0.00,f
6231,1591,2513,47,AP07TJ2180,2,3101,Kumaravadi,2026-08-06,,5463.00,5618.6955,4.400,8.150,247.2226,457.9237,RMRD,FC,0.00,f
6374,1591,2513,47,AP07TJ2180,3,3102,Thammanuru,2026-08-06,,5899.00,6067.1215,4.100,8.220,248.7520,498.7174,RMRD,BC,0.00,f
6375,1591,2513,47,AP07TJ2180,4,3101,Kumaravadi,2026-08-06,,564.00,580.0740,7.000,8.580,40.6052,49.7703,RMRD,FC,0.00,f
6247,1596,2514,1,AP03TE5533,1,3653,Mamillapalli,2026-08-07,,8248.00,8483.0680,4.100,8.220,347.8058,697.3082,RMRD,BC,0.00,f
6248,1596,2514,1,AP03TE5533,2,3646,Moram Pali,2026-08-07,,4275.00,4396.8375,4.000,8.080,175.8735,355.2645,RMRD,"FC,BC",0.00,f
6249,1596,2514,1,AP03TE5533,3,3648,Mohamadabad/MB Cross,2026-08-07,,6059.00,6231.6815,4.100,8.100,255.4989,504.7662,RMRD,FC,0.00,f
6250,1597,2515,2,AP39UN4344,1,3649,B.Pappuru,2026-08-07,,5824.20,5990.1897,4.050,8.250,242.6027,494.1907,RMRD,"FC,BC",0.00,f
6251,1597,2515,2,AP39UN4344,2,3647,Ragavapalli,2026-08-07,,3992.90,4106.6977,4.200,8.240,172.4813,338.3919,RMRD,"FC,BC",0.00,f
6401,1597,2515,2,AP39UN4344,3,3649,B.Pappuru,2026-08-07,,1345.40,1383.7439,7.450,9.000,103.0889,124.5370,RMRD,"FC,BC",0.00,f
6252,1598,2516,3,AP03TF2538,1,3602,Tharigonda,2026-08-07,,2934.00,3017.6190,3.700,8.140,111.6519,245.6342,Balance Milk,"MC,BC",0.00,f
6253,1598,2516,3,AP03TF2538,2,3602,Tharigonda,2026-08-07,,,,,,,,RMRD,,0.00,t
6254,1598,2516,3,AP03TF2538,3,3610,B Kothakota,2026-08-07,,5737.00,5900.5045,4.000,8.200,236.0202,483.8414,RMRD,BC,0.00,f
6255,1598,2516,3,AP03TF2538,4,3612,Poojavari Palli,2026-08-07,,1652.20,1699.2877,3.900,8.300,66.2722,141.0409,RMRD,FC,0.00,f
6256,1598,2516,3,AP03TF2538,5,3609,Kurabala Kota,2026-08-07,,6740.00,6932.0900,3.800,8.030,263.4194,556.6468,RMRD,"FC,MC",0.00,f
6257,1598,2516,3,AP03TF2538,6,3613,P T M,2026-08-07,,2846.00,2927.1110,4.000,8.200,117.0844,240.0231,RMRD,BC,0.00,f
6258,1599,2517,4,AP02TC1483,1,3807,Lakkireddipalli,2026-08-07,,10060.50,10347.2243,3.980,8.090,411.8195,837.0904,RMRD,"FC,MC,BC",0.00,f
6400,1599,2517,4,AP02TC1483,2,3807,Lakkireddipalli,2026-08-07,,1157.80,1190.7973,7.620,8.910,90.7388,106.1000,RMRD,"FC,MC,BC",0.00,f
6259,1600,2518,5,AP03TJ0033,1,3621,Regallu,2026-08-07,,2906.00,2988.8210,4.000,8.080,119.5528,241.4967,RMRD,FC,0.00,f
6260,1600,2518,5,AP03TJ0033,2,3618,Gadi,2026-08-07,,2995.00,3080.3575,4.000,8.080,123.2143,248.8929,RMRD,BC,0.00,f
6261,1600,2518,5,AP03TJ0033,3,3617,Kalakada,2026-08-07,,3249.00,3341.5965,3.900,8.070,130.3223,269.6668,RMRD,BC,0.00,f
6262,1600,2518,5,AP03TJ0033,4,3619,Garnimitta,2026-08-07,,2351.00,2418.0035,3.900,8.190,94.3021,198.0345,RMRD,BC,0.00,f
6263,1600,2518,5,AP03TJ0033,5,3622,Gyarampalli,2026-08-07,,3194.00,3285.0290,4.000,8.200,131.4012,269.3724,RMRD,BC,0.00,f
6264,1600,2518,5,AP03TJ0033,6,3620,Piler,2026-08-07,,6159.00,6334.5315,3.800,8.160,240.7122,516.8978,RMRD,FC,0.00,f
6265,1601,2519,6,AP03TJ0088,1,3623,Yallam Palli,2026-08-07,,1952.00,2007.6320,3.800,8.160,76.2900,163.8228,RMRD,BC,0.00,f
6266,1601,2519,6,AP03TJ0088,2,3637,Nimmanna Palli,2026-08-07,,4092.00,4208.6220,3.900,8.180,164.1363,344.2653,RMRD,FC,0.00,f
6267,1601,2519,6,AP03TJ0088,3,3601,Chinthaparthi,2026-08-07,,4334.00,4457.5190,3.900,8.050,173.8432,358.8303,RMRD,"MC,BC",0.00,f
6268,1601,2519,6,AP03TJ0088,4,3607,Manchuru,2026-08-07,,2250.00,2314.1250,4.000,8.200,92.5650,189.7582,RMRD,FC,0.00,f
6269,1601,2519,6,AP03TJ0088,5,3616,Kalikiri,2026-08-07,,6867.00,7062.7095,3.800,8.160,268.3830,576.3171,RMRD,MC,0.00,f
6270,1601,2519,6,AP03TJ0088,6,3603,Vayalpadu,2026-08-07,,3110.00,3198.6350,4.000,8.200,127.9454,262.2881,RMRD,BC,0.00,f
6271,1602,2520,7,AP39TB8024,1,3628,Diguva Thotluvari Palli,2026-08-07,,3934.40,4046.5304,3.800,8.160,153.7682,330.1969,RMRD,FC,0.00,f
6272,1602,2520,7,AP39TB8024,2,3624,Thamballapalle,2026-08-07,,5218.00,5366.7130,4.000,8.130,214.6685,436.3138,RMRD,BC,0.00,f
6273,1602,2520,7,AP39TB8024,3,3627,Mudivedu,2026-08-07,,4332.00,4455.4620,3.900,8.180,173.7630,364.4568,RMRD,FC,0.00,f
6274,1602,2520,7,AP39TB8024,4,3625,Reddi Kota,2026-08-07,,3830.00,3939.1550,3.700,8.140,145.7487,320.6472,RMRD,BC,0.00,f
6275,1603,2521,8,AP03TE9599,1,3211,Kondakinda Pali,2026-08-07,,5179.00,5326.6015,4.000,8.200,213.0641,436.7813,RMRD,"MC,BC",0.00,f
6276,1603,2521,8,AP03TE9599,2,3209,Kothapallimitta,2026-08-07,,3532.00,3632.6620,4.000,8.200,145.3065,297.8783,RMRD,FC,0.00,f
6281,1605,2522,9,TN28BF6792,1,3004,Y S Gate,2026-08-07,,3610.00,3712.8850,4.000,8.330,148.5154,309.2833,RMRD,BC,0.00,f
6282,1605,2522,9,TN28BF6792,2,3217,K Patnam,2026-08-07,,2711.00,2788.2635,4.100,8.350,114.3188,232.8200,RMRD,BC,0.00,f
6283,1605,2522,9,TN28BF6792,3,3425,Gajulapalli,2026-08-07,,2842.80,2923.8198,3.800,8.160,111.1052,238.5837,RMRD,FC,0.00,f
6284,1605,2522,9,TN28BF6792,4,3427,Perumala Palli,2026-08-07,,1214.00,1248.5990,4.300,8.390,53.6898,104.7575,RMRD,BC,0.00,f
6285,1605,2522,9,TN28BF6792,5,3430,Mogili,2026-08-07,,1466.00,1507.7810,4.000,8.200,60.3112,123.6380,RMRD,FC,0.00,f
6286,1605,2522,9,TN28BF6792,6,3439,KG Sathram,2026-08-07,,8175.40,8408.3989,4.000,8.200,336.3360,689.4887,RMRD,"FC,BC",0.00,f
6294,1608,2523,10,AP16TH5494,1,3221,Bomma Samudram,2026-08-07,,3189.00,3279.8865,4.000,8.200,131.1955,268.9507,RMRD,BC,0.00,f
6287,1606,2553,10,SALE TANKER,1,3446,Nulukunta Cross,2026-08-07,,6461.80,6645.9613,4.000,8.330,265.8385,553.6086,RMRD,"FC,BC",0.00,f
6288,1606,2553,10,SALE TANKER,2,3417,Avulanatham CC,2026-08-07,,8400.50,8639.9143,3.900,8.300,336.9567,717.1129,Balance Milk,FC,0.00,f
6295,1608,2523,10,AP16TH5494,2,3432,Madetipalli,2026-08-07,,10751.00,11057.4035,3.900,8.180,431.2387,904.4956,RMRD,"FC,BC",0.00,f
6296,1608,2523,10,AP16TH5494,3,3118,Gollamangalam,2026-08-07,,5845.00,6011.5825,4.300,8.390,258.4980,504.3718,RMRD,"FC,BC",0.00,f
6277,1604,2524,11,TN34AC5878,1,3010,Yerpedu,2026-08-07,,3289.00,3382.7365,4.100,8.340,138.6922,282.1202,RMRD,BC,0.00,f
6278,1604,2524,11,TN34AC5878,2,3702,Venkatagiri,2026-08-07,,1125.00,1157.0625,7.700,8.970,89.0938,103.7885,RMRD,FC,0.00,f
6279,1604,2524,11,TN34AC5878,3,3704,Dakilli,2026-08-07,,875.20,900.1432,7.700,8.720,69.3110,78.4925,RMRD,FC,0.00,f
6280,1604,2524,11,TN34AC5878,4,3708,Pokurupalli,2026-08-07,,1033.00,1062.4405,7.500,8.680,79.6830,92.2198,RMRD,FC,0.00,f
6535,1604,2524,11,TN34AC5878,5,3010,Yerpedu,2026-08-07,,252.00,259.1820,7.500,9.180,19.4387,23.7929,RMRD,FC,0.00,f
6289,1607,2525,12,TN28BB2353,1,3418,Nadimur,2026-08-07,,4049.00,4164.3965,3.900,8.180,162.4115,340.6476,RMRD,"FC,BC",0.00,f
6290,1607,2525,12,TN28BB2353,2,3409,Shanthi Puram,2026-08-07,,4941.80,5082.6413,3.900,8.180,198.2230,415.7601,RMRD,BC,0.00,f
6291,1607,2525,12,TN28BB2353,3,3408,Ramakuppam BMCU,2026-08-07,,5282.00,5432.5370,3.900,8.180,211.8689,444.3815,RMRD,FC,0.00,f
6292,1607,2525,12,TN28BB2353,4,3413,Pedduru,2026-08-07,,4689.30,4822.9451,3.900,8.180,188.0949,394.5169,RMRD,BC,0.00,f
6293,1607,2525,12,TN28BB2353,5,3437,Kuppiganipalli,2026-08-07,,1005.00,1033.6425,3.800,8.160,39.2784,84.3452,RMRD,FC,0.00,f
6297,1609,2526,13,TN28AQ5726,1,3404,Peddapanjani,2026-08-07,,2349.80,2416.7693,3.700,8.140,89.4205,196.7250,RMRD,MC,0.00,f
6298,1609,2526,13,TN28AQ5726,2,3420,Chandramakula Palli,2026-08-07,,2439.00,2508.5115,3.700,8.140,92.8149,204.1928,RMRD,FC,0.00,f
6299,1609,2526,13,TN28AQ5726,3,3644,Penchupadu,2026-08-07,,6120.00,6294.4200,4.000,8.260,251.7768,519.9191,RMRD,"FC,BC",0.00,f
6300,1609,2526,13,TN28AQ5726,4,3442,Ramasamudhram CC,2026-08-07,,3904.00,4015.2640,3.900,8.180,156.5953,328.4486,RMRD,BC,0.00,f
6301,1609,2526,13,TN28AQ5726,5,3419,Punganur,2026-08-07,,5292.30,5443.1306,3.700,8.140,201.3958,443.0708,RMRD,"FC,MC",0.00,f
6302,1610,2527,14,TN86A9787,1,3116,LN Puram,2026-08-07,,712.00,732.2920,4.300,8.470,31.4886,62.0251,Balance Milk,BC,0.00,f
6303,1610,2527,14,TN86A9787,2,3116,LN Puram,2026-08-07,,5776.00,5940.6160,4.300,8.470,255.4465,503.1702,RMRD,BC,0.00,f
6304,1610,2527,14,TN86A9787,3,3107,Devanur,2026-08-07,,7017.00,7216.9845,4.100,8.590,295.8964,619.9390,RMRD,FC,0.00,f
6305,1610,2527,14,TN86A9787,4,3106,Vandavasi,2026-08-07,,7578.00,7793.9730,4.100,8.400,319.5529,654.6937,RMRD,"FC,BC",0.00,f
6306,1611,2528,15,AP39UE0787,1,3109,Mandakolathur,2026-08-07,,16885.10,17366.3254,4.200,8.490,729.3857,1474.4010,RMRD,"FC,BC",0.00,f
6307,1611,2528,15,AP39UE0787,2,3117,Aavalurpet,2026-08-07,,2290.00,2355.2650,4.100,8.470,96.5659,199.4909,RMRD,"FC,MC",0.00,f
6308,1612,2529,16,TN52P3684,1,3104,Karapattu,2026-08-07,,20056.00,20627.5960,4.100,8.470,845.7314,1747.1574,RMRD,"FC,BC",0.00,f
6234,1593,2530,17,TN24BC6019,1,3103,Konaluru,2026-08-07,,17925.00,18435.8625,4.200,8.490,774.3062,1565.2047,RMRD,"FC,BC",0.00,f
6236,1593,2530,17,TN24BC6019,2,3117,Aavalurpet,2026-08-07,,5453.40,5608.8219,4.100,8.470,229.9617,475.0672,RMRD,"FC,BC",0.00,f
6235,1593,2530,17,TN24BC6019,2,3105,Vanapuram,2026-08-07,,,,,,,,RMRD,,0.00,t
6232,1592,2531,18,TN86B1591,1,3110,Kankanur,2026-08-07,,11989.00,12330.6865,4.000,8.080,493.2275,996.3195,RMRD,"FC,BC",0.00,f
6233,1592,2531,18,TN86B1591,2,3119,K Echambadi,2026-08-07,,8952.90,9208.0576,4.200,8.070,386.7384,743.0903,RMRD,"FC,BC",0.00,f
6237,1594,2532,19,AP03TC7799,1,3112,Harur,2026-08-07,,10395.50,10691.7718,4.100,8.090,438.3626,864.9643,RMRD,"FC,BC",0.00,f
6238,1594,2532,19,AP03TC7799,2,3123,Alamelupuram,2026-08-07,,6448.90,6632.6936,4.100,8.050,271.9404,533.9318,RMRD,"FC,BC",0.00,f
6239,1595,2533,20,TN24AR2944,1,3114,Rayakottai,2026-08-07,,3389.00,3485.5865,4.000,7.910,139.4235,275.7099,RMRD,BC,0.00,f
6240,1595,2533,20,TN24AR2944,2,3108,Sankaranarayanapuram(SN Puram),2026-08-07,,7775.00,7996.5875,3.800,7.750,303.8703,619.7355,RMRD,"FC,BC",0.00,f
6241,1595,2533,20,TN24AR2944,3,3113,CR Palyam,2026-08-07,,6596.00,6783.9860,3.900,7.890,264.5755,535.2565,RMRD,"FC,BC",0.00,f
6309,1613,2535,22,AP39TD1229,1,3416,7th Mile CC,2026-08-07,,24400.00,25095.4000,4.000,8.200,1003.8160,2057.8228,RMRD,"FC,BC",0.00,f
6310,1613,2535,22,AP39TD1229,2,3435,Settipalli,2026-08-07,,5394.30,5548.0376,3.900,8.180,216.3735,453.8295,RMRD,"FC,BC",0.00,f
6311,1613,2535,22,AP39TD1229,3,3435,Settipalli,2026-08-07,,,,,,,,Balance Milk,,0.00,t
6312,1614,2536,23,TN30CL2599,1,3438,Kuppam Rural CC,2026-08-07,,27901.00,28696.1785,3.900,8.180,1119.1510,2347.3474,RMRD,"FC,BC",0.00,f
6343,1625,2537,24,RJ32GB7005,1,3441,Ramakuppam CC,2026-08-07,,8660.00,8906.8100,4.000,8.200,356.2724,730.3584,RMRD,BC,0.00,f
6344,1625,2537,24,RJ32GB7005,2,3436,VK Patrapalli CC,2026-08-07,,7108.00,7310.5780,4.000,8.200,292.4231,599.4674,RMRD,FC,0.00,f
6345,1625,2537,24,RJ32GB7005,3,3440,Kondahalli CC,2026-08-07,,3407.00,3504.0995,4.100,8.220,143.6681,288.0370,RMRD,FC,0.00,f
6346,1625,2537,24,RJ32GB7005,4,3407,V Kota,2026-08-07,,4410.00,4535.6850,4.000,8.200,181.4274,371.9262,RMRD,BC,0.00,f
6347,1625,2537,24,RJ32GB7005,5,3402,Baireddipalle,2026-08-07,,4338.00,4461.6330,3.900,8.180,174.0037,364.9616,RMRD,"FC,BC",0.00,f
6336,1623,2538,25,AP26TF3569,1,3434,N Vaddanahalli CC,2026-08-07,,5371.70,5524.7934,4.000,8.200,220.9917,453.0331,RMRD,FC,0.00,f
6337,1623,2538,25,AP26TF3569,2,3443,Lakkanapalli CC,2026-08-07,,5025.00,5168.2125,4.100,8.220,211.8967,424.8271,RMRD,BC,0.00,f
6338,1623,2538,25,AP26TF3569,3,3405,Pathikonda,2026-08-07,,5066.00,5210.3810,3.800,8.160,197.9945,425.1671,RMRD,BC,0.00,f
6339,1623,2538,25,AP26TF3569,4,3406,Palamaner CC,2026-08-07,,14566.00,14981.1310,4.000,8.200,599.2452,1228.4527,RMRD,"FC,BC",0.00,f
6096,1556,2539,26,TN24BD4749,1,3641,Thurakapalli CC,2026-08-07,,12205.00,12552.8425,3.700,8.140,464.4552,1021.8014,RMRD,"FC,BC",0.00,f
6097,1556,2539,26,TN24BD4749,2,3651,CTM CC,2026-08-07,,11996.00,12337.8860,3.900,8.050,481.1776,993.1998,RMRD,"FC,BC",0.00,f
6313,1615,2540,27,AP39UX5014,1,3629,Kadiri Talapula CC,2026-08-07,,13076.00,13448.6660,4.100,8.220,551.3953,1105.4803,RMRD,"FC,BC",0.00,f
6314,1615,2540,27,AP39UX5014,2,3809,Diguva Kancharla Palli,2026-08-07,,4678.00,4811.3230,4.000,8.080,192.4529,388.7549,RMRD,FC,0.00,f
6315,1615,2540,27,AP39UX5014,3,3632,Gandlapenta CC,2026-08-07,,8755.80,9005.3403,4.100,8.220,369.2190,740.2390,RMRD,"FC,BC",0.00,f
6340,1624,2541,28,TN76AL9919,1,3642,Kokkanti Cross CC,2026-08-07,,7918.00,8143.6630,4.200,8.240,342.0338,671.0378,RMRD,BC,0.00,f
6341,1624,2541,28,TN76AL9919,2,3633,Nallamada CC,2026-08-07,,6850.00,7045.2250,4.200,8.240,295.8995,580.5265,RMRD,FC,0.00,f
6342,1624,2541,28,TN76AL9919,3,3655,Rallananthapur CC,2026-08-07,,4130.00,4247.7050,4.400,8.410,186.8990,357.2320,RMRD,"FC,BC",0.00,f
6316,1616,2542,29,AP39TF3392,1,3652,Lepakshi CC,2026-08-07,,9266.00,9530.0810,4.100,8.220,390.7333,783.3727,RMRD,"FC,BC",0.00,f
6317,1616,2542,29,AP39TF3392,2,3645,Manesamudram,2026-08-07,,6277.40,6456.3059,4.000,8.200,258.2522,529.4171,RMRD,FC,0.00,f
6318,1616,2542,29,AP39TF3392,3,3654,Madakasira CC,2026-08-07,,14097.00,14498.7645,4.500,8.430,652.4444,1222.2458,RMRD,"FC,BC",0.00,f
6348,1626,2543,30,AP39WH0612,1,3631,Gorantla CC,2026-08-07,,15526.20,15968.6967,4.100,8.220,654.7166,1312.6269,RMRD,"FC,BC",0.00,f
6349,1626,2543,30,AP39WH0612,2,3634,Kotha Cheruvu CC,2026-08-07,,7630.00,7847.4550,4.200,8.240,329.5931,646.6303,RMRD,"FC,BC,MC",0.00,f
6212,1585,2544,31,AP03TE6660,1,3901,Gowraram ,2026-08-07,,2250.00,2314.1250,4.600,8.330,106.4497,192.7666,RMRD,BC,0.00,f
6350,1627,2545,32,TS07UL3304,1,3902,Kalwakurthy,2026-08-07,,5570.00,5728.7450,4.400,8.410,252.0648,481.7875,RMRD,"FC,BC",0.00,f
6351,1627,2545,32,TS07UL3304,2,3903,Thalakondapalli,2026-08-07,,4128.00,4245.6480,4.400,8.280,186.8085,351.5397,RMRD,BC,0.00,f
6352,1627,2545,32,TS07UL3304,3,3904,Kandukuru,2026-08-07,,3552.00,3653.2320,4.300,8.390,157.0890,306.5062,RMRD,FC,0.00,f
6353,1628,2546,33,TN13H2455,1,3207,Karvetinagaram,2026-08-07,,3153.00,3242.8605,4.000,8.200,129.7144,265.9146,RMRD,BC,0.00,f
6354,1628,2546,33,TN13H2455,2,3213,Narayanavanam,2026-08-07,,2152.00,2213.3320,4.100,8.100,90.7466,179.2799,RMRD,FC,0.00,f
6355,1628,2546,33,TN13H2455,3,3015,Pichatur,2026-08-07,,1994.00,2050.8290,4.200,8.240,86.1348,168.9883,RMRD,FC,0.00,f
6356,1628,2546,33,TN13H2455,4,3019,Pannuru,2026-08-07,,1925.00,1979.8625,3.900,8.050,77.2146,159.3789,RMRD,FC,0.00,f
6357,1628,2546,33,TN13H2455,5,3212,M.Kothuru,2026-08-07,,3908.70,4020.0980,3.900,8.180,156.7838,328.8440,RMRD,FC,0.00,f
6358,1628,2546,33,TN13H2455,6,3022,Vedurukuppam,2026-08-07,,3135.00,3224.3475,3.900,8.180,125.7496,263.7516,RMRD,BC,0.00,f
6359,1628,2546,33,TN13H2455,7,3208,S R Puram,2026-08-07,,3163.00,3253.1455,3.900,8.180,126.8727,266.1073,RMRD,BC,0.00,f
6201,1583,2547,34,TN25BB1990,1,3701,Pellakuru,2026-08-07,,508.00,522.4780,4.200,8.360,21.9441,43.6792,RMRD,BC,0.00,f
6202,1583,2547,34,TN25BB1990,2,3014,Thottambedu,2026-08-07,,324.10,333.3369,8.000,9.160,26.6669,30.5337,RMRD,FC,0.00,f
6203,1583,2547,34,TN25BB1990,3,3013,B N Khandriga,2026-08-07,,2643.00,2718.3255,5.300,8.720,144.0713,237.0380,RMRD,FC,0.00,f
6204,1583,2547,34,TN25BB1990,4,3011,Varadaiahpalem,2026-08-07,,1200.00,1234.2000,6.100,8.760,75.2862,108.1159,RMRD,"FC,MC",0.00,f
6205,1583,2547,34,TN25BB1990,5,3018,Satyavedu,2026-08-07,,,,,,,,RMRD,,0.00,t
6206,1583,2547,34,TN25BB1990,6,3016,Nagalapuram,2026-08-07,,1717.00,1765.9345,4.600,8.320,81.2330,146.9258,RMRD,BC,0.00,f
6207,1583,2547,34,TN25BB1990,7,3017,K V B Puram,2026-08-07,,4024.00,4138.6840,3.900,8.200,161.4087,339.3721,RMRD,"MC,BC",0.00,f
6379,1583,2547,34,TN25BB1990,8,3701,Pellakuru,2026-08-07,,1162.00,1195.1170,7.200,8.970,86.0484,107.2020,RMRD,FC,0.00,f
6380,1583,2547,34,TN25BB1990,9,3014,Thottambedu,2026-08-07,,1761.94,1812.1553,4.300,8.260,77.9227,149.6840,RMRD,BC,0.00,f
6381,1583,2547,34,TN25BB1990,10,3017,K V B Puram,2026-08-07,,543.00,558.4755,6.800,8.910,37.9763,49.7602,RMRD,MC,0.00,f
6319,1617,2548,35,TN863039,1,3224,Palasamudram,2026-08-07,,7054.00,7255.0390,4.100,8.220,297.4566,596.3642,RMRD,"FC,MC",0.00,f
6320,1617,2548,35,TN863039,2,3223,Thugundram,2026-08-07,,4866.00,5004.6810,4.000,8.320,200.1872,416.3895,RMRD,"FC,BC",0.00,f
6321,1617,2548,35,TN863039,3,3222,G D Nellore,2026-08-07,,7638.00,7855.6830,4.000,8.200,314.2273,644.1660,RMRD,"BC,MC",0.00,f
6322,1618,2549,36,AP03TE5888,1,3205,C.G.Gallu,2026-08-07,,1629.20,1675.6322,3.900,8.180,65.3497,137.0667,Balance Milk,BC,0.00,f
6323,1618,2549,36,AP03TE5888,2,3205,C.G.Gallu,2026-08-07,,1953.00,2008.6605,3.900,8.180,78.3378,164.3084,RMRD,BC,0.00,f
6324,1618,2549,36,AP03TE5888,3,3202,Y V Pallm,2026-08-07,,8546.00,8789.5610,3.700,8.140,325.2138,715.4703,RMRD,"FC,BC",0.00,f
6325,1618,2549,36,AP03TE5888,4,3228,Udaymanikyam CC,2026-08-07,,8633.00,8879.0405,3.800,8.030,337.4035,712.9870,RMRD,FC,0.00,f
6387,1618,2549,36,AP03TE5888,5,3206,Bodevandlapalli,2026-08-07,,1361.00,1399.7885,3.700,8.010,51.7922,112.1231,RMRD,FC,0.00,f
6326,1619,2550,37,AP39WB9499,1,3414,Gudupalli,2026-08-07,,9218.00,9480.7130,3.900,8.300,369.7478,786.8992,RMRD,FC,0.00,f
6327,1619,2550,37,AP39WB9499,2,3415,Kuppam BMCU,2026-08-07,,5894.00,6061.9790,3.900,8.300,236.4172,503.1443,RMRD,"FC,BC",0.00,f
6328,1619,2550,37,AP39WB9499,3,3435,Settipalli,2026-08-07,,3749.00,3855.8465,3.800,8.220,146.5222,316.9506,RMRD,"FC,BC",0.00,f
6405,1619,2550,37,AP39WB9499,4,3418,Nadimur,2026-08-07,,3665.20,3769.6582,3.800,8.280,143.2470,312.1277,RMRD,BC,0.00,f
6360,1629,2551,38,TN36AU2208,1,3219,Reddigunta,2026-08-07,,4849.00,4987.1965,4.000,8.200,199.4879,408.9501,RMRD,FC,0.00,f
6361,1629,2551,38,TN36AU2208,2,3215,Yadamari,2026-08-07,,8913.36,9167.3908,4.000,8.320,366.6956,762.7269,RMRD,BC,0.00,f
6362,1629,2551,38,TN36AU2208,3,3429,G.K.Manchi,2026-08-07,,2078.00,2137.2230,4.100,8.350,87.6261,178.4581,RMRD,"FC,BC",0.00,f
6363,1629,2551,38,TN36AU2208,4,3023,Rangampeta Cross,2026-08-07,,2155.00,2216.4175,4.200,8.370,93.0895,185.5141,RMRD,FC,0.00,f
6364,1629,2551,38,TN36AU2208,5,3439,KG Sathram,2026-08-07,,1144.00,1176.6040,4.000,8.200,47.0642,96.4815,Balance Milk,FC,0.00,f
6335,1622,2552,39,SALE TANKER,1,3417,Avulanatham CC,2026-08-07,,16406.10,16873.6739,3.800,8.280,641.1996,1397.1402,RMRD,"FC,BC",0.00,f
6391,1622,2552,39,SALE TANKER,2,3446,Nulukunta Cross,2026-08-07,,6144.70,6319.8240,3.900,8.300,246.4731,524.5454,RMRD,FC,0.00,f
6164,1574,2554,40,SALE TANKER,1,3417,Avulanatham CC,2026-08-07,,11104.80,11421.2868,3.900,8.430,445.4302,962.8145,RMRD,"FC,BC",0.00,f
6165,1574,2554,40,SALE TANKER,2,3446,Nulukunta Cross,2026-08-06,,3833.00,3942.2405,4.000,8.330,157.6896,328.3886,RMRD,"FC,BC",0.00,f
6329,1620,2555,41,AP03TE9069,1,3002,Pakala,2026-08-07,,2321.00,2387.1485,4.100,8.350,97.8731,199.3269,RMRD,BC,0.00,f
6398,1620,2555,41,AP03TE9069,2,3003,Damalacheruvu,2026-08-07,,2168.00,2229.7880,3.900,8.400,86.9617,187.3022,RMRD,MC,0.00,f
6330,1621,2556,42,TN52H5484,1,3001,Penumuru,2026-08-07,,4423.00,4549.0555,4.100,8.340,186.5113,379.3912,RMRD,BC,0.00,f
6331,1621,2556,42,TN52H5484,2,3006,Polireddipalli,2026-08-07,,3243.00,3335.4255,4.000,8.320,133.4170,277.5074,RMRD,FC,0.00,f
6332,1621,2556,42,TN52H5484,3,3007,Polakala,2026-08-07,,2227.00,2290.4695,4.100,8.350,93.9092,191.2542,RMRD,FC,0.00,f
6333,1621,2556,42,TN52H5484,4,3003,Damalacheruvu,2026-08-07,,1557.00,1601.3745,4.100,8.350,65.6564,133.7148,RMRD,FC,0.00,f
6334,1621,2556,42,TN52H5484,5,3005,Komireddygari Palli,2026-08-07,,5954.00,6123.6890,4.100,8.220,251.0712,503.3672,RMRD,BC,0.00,f
6365,1630,2557,43,AP03TE6599,1,3206,Bodevandlapalli,2026-08-07,,1261.70,1297.6585,3.700,8.010,48.0134,103.9424,RMRD,MC,0.00,f
6366,1630,2557,43,AP03TE6599,2,3206,Bodevandlapalli,2026-08-07,,2512.00,2583.5920,3.700,8.010,95.5929,206.9457,Balance Milk,MC,0.00,f
6367,1630,2557,43,AP03TE6599,3,3227,Pincha,2026-08-07,,4223.00,4343.3555,3.700,7.990,160.7042,347.0341,RMRD,FC,0.00,f
6368,1630,2557,43,AP03TE6599,4,3201,Mellacheruv,2026-08-07,,4459.00,4586.0815,3.800,8.010,174.2711,367.3451,RMRD,"MC,BC",0.00,f
6369,1630,2557,43,AP03TE6599,5,3203,Talapula(Piler),2026-08-07,,5152.70,5299.5520,3.700,8.010,196.0834,424.4941,RMRD,"FC,MC",0.00,f
6370,1630,2557,43,AP03TE6599,6,3204,Bakarapeta,2026-08-07,,3505.00,3604.8925,3.800,8.160,136.9859,294.1592,RMRD,BC,0.00,f
6388,1634,2601,44,TN24BD4749,1,3651,CTM CC,2026-08-07,,6179.60,6355.7186,4.000,8.000,254.2287,508.4575,RMRD,"FC,BC",0.00,f
6389,1634,2601,44,TN24BD4749,2,3641,Thurakapalli CC,2026-08-07,,12260.20,12609.6157,3.800,8.160,479.1654,1028.9446,RMRD,BC,0.00,f
6390,1634,2601,44,TN24BD4749,3,3651,CTM CC,2026-08-07,,1300.00,1337.0500,4.000,8.080,53.4820,108.0336,RMRD,"FC,BC",0.00,f
6371,1631,2558,45,AP03TE2079,1,3021,Chandragiri CC,2026-08-07,,4840.50,4978.4543,3.900,8.170,194.1597,406.7397,RMRD,BC,0.00,f
6372,1631,2558,45,AP03TE2079,2,3021,Chandragiri CC,2026-08-07,,,,,,,,Balance Milk,,0.00,t
6373,1631,2558,45,AP03TE2079,3,3020,Putturu CC,2026-08-07,,14603.80,15020.0083,4.300,8.390,645.8604,1260.1787,RMRD,"FC,BC",0.00,f
